Common Fish Name,Temperament,Grows To,Starting Tank Size,Typical Color,CB's Recommended Fish Food,Fish Care Notes,Temperature Range,Water PH,Water KH,Origin,Plant Safety,Scientific Name,QR,SKU
Acara Thread Fin,Peaceful,"8""",55 Gallon,"Features a brownish-silver or tan base decorated with iridescent blue, green, and gold gem-like speckles.","Omnivore. Frozen Bloodworms, Frozen Brine, Hikari Vibra Bites, Sera Flakes, Hikari Cichlid Pellets",Mild-mannered large cichlid. May nibble soft plants; use hardy species like Java fern or Anubias. Generally peaceful with similarly sized fish.,77-82°F,6.8-7.4,8-15 dKH,South America (Amazon Basin),Caution,Acarichthys heckelii,https://bubba751.github.io/Freshwater-Fish-HTML-Files-V3/Acara Thread Fin.html,538694P
African Butterfly Fish,Semi-aggressive,"4""",30 Gallon,Mottled bark-brown top-dweller; wide wing-like pectoral fins,"Omnivore. Standard high-quality community aquarium diet including a balance of flake foods, micro-pellets, and frozen treats.",Surface-dwelling ambush predator; will eat small fish and insects. Peaceful with large tankmates. Does not eat plants. Needs a tight-fitting lid as it may jump.,75-86°F,6.5-7.2,2-8 dKH,West/Central Africa,Safe,Pantodon buchholzi,https://bubba751.github.io/Freshwater-Fish-HTML-Files-V3/African Butterfly Fish.html,MI01
Angel Black Veil (Extra Large),Semi-aggressive,"8""",55 Gallon,"It varies, but solid velvet black with elongated fins","Omnivore. Sera San Color Flakes, Hikari Frozen Brine, Hikari Frozen Bloodworms","Color/fin variety of freshwater angelfish. Relatively peaceful for a cichlid but territorial, especially when breeding. May eat small fish. Safe with hardy plants; may uproot delicate ones. Prefers tall tanks.",77-84°F,6.5-8.0,2-8 dKH,South America (Amazon River Basin),Caution,Pterophyllum scalare,https://bubba751.github.io/Freshwater-Fish-HTML-Files-V3/Angel Black Veil (Extra Large).html,AN05
Angel Black Veil (Large),Semi-aggressive,"6""",29 Gallon,"It varies, but solid velvet black with elongated fins","Omnivore. Sera San Color Flakes, Hikari Frozen Brine, Hikari Frozen Bloodworms","Color/fin variety of freshwater angelfish. Relatively peaceful for a cichlid but territorial, especially when breeding. May eat small fish. Safe with hardy plants; may uproot delicate ones. Prefers tall tanks.",77-84°F,6.5-8.0,2-8 dKH,South America (Amazon River Basin),Caution,Pterophyllum scalare,https://bubba751.github.io/Freshwater-Fish-HTML-Files-V3/Angel Black Veil (Large).html,AN04
Angel Black Veil (Medium),Semi-aggressive,"4""",20 Gallon,"It varies, but solid velvet black with elongated fins","Omnivore. Sera San Color Flakes, Hikari Frozen Brine, Hikari Frozen Bloodworms","Color/fin variety of freshwater angelfish. Relatively peaceful for a cichlid but territorial, especially when breeding. May eat small fish. Safe with hardy plants; may uproot delicate ones. Prefers tall tanks.",77-84°F,6.5-8.0,2-8 dKH,South America (Amazon River Basin),Caution,Pterophyllum scalare,https://bubba751.github.io/Freshwater-Fish-HTML-Files-V3/Angel Black Veil (Medium).html,AN02
Angel Black Veil (Small),Semi-aggressive,"2""",10 Gallon,"It varies, but solid velvet black with elongated fins","Omnivore. Sera San Color Flakes, Hikari Frozen Brine, Hikari Frozen Bloodworms","Color/fin variety of freshwater angelfish. Relatively peaceful for a cichlid but territorial, especially when breeding. May eat small fish. Safe with hardy plants; may uproot delicate ones. Prefers tall tanks.",77-84°F,6.5-8.0,2-8 dKH,South America (Amazon River Basin),Caution,Pterophyllum scalare,https://bubba751.github.io/Freshwater-Fish-HTML-Files-V3/Angel Black Veil (Small).html,AN01
Angel Blue (Extra Large),Semi-aggressive,"8""",55 Gallon,Metallic silvery-blue sheen with dark vertical bars. Color can vary.,"Omnivore. Sera San Color Flakes, Hikari Frozen Brine, Hikari Frozen Bloodworms",Color variant of freshwater angelfish. Peaceful for a cichlid but territorial during breeding. May prey on very small fish. Does well in planted tanks with hardy species. Prefers tall tanks.,75-84°F,6.0-7.5,2-8 dKH,South America (Amazon River Basin),Caution,Pterophyllum scalare,https://bubba751.github.io/Freshwater-Fish-HTML-Files-V3/Angel Blue (Extra Large).html,AN10
Angel Blue (Large),Semi-aggressive,"6""",29 Gallon,Metallic silvery-blue sheen with dark vertical bars. Color can vary.,"Omnivore. Sera San Color Flakes, Hikari Frozen Brine, Hikari Frozen Bloodworms",Color variant of freshwater angelfish. Peaceful for a cichlid but territorial during breeding. May prey on very small fish. Does well in planted tanks with hardy species. Prefers tall tanks.,75-84°F,6.0-7.5,2-8 dKH,South America (Amazon River Basin),Caution,Pterophyllum scalare,https://bubba751.github.io/Freshwater-Fish-HTML-Files-V3/Angel Blue (Large).html,AN09
Angel Blue (Medium),Semi-aggressive,"4""",20 Gallon,Metallic silvery-blue sheen with dark vertical bars. Color can vary.,"Omnivore. Sera San Color Flakes, Hikari Frozen Brine, Hikari Frozen Bloodworms",Color variant of freshwater angelfish. Peaceful for a cichlid but territorial during breeding. May prey on very small fish. Does well in planted tanks with hardy species. Prefers tall tanks.,75-84°F,6.0-7.5,2-8 dKH,South America (Amazon River Basin),Caution,Pterophyllum scalare,https://bubba751.github.io/Freshwater-Fish-HTML-Files-V3/Angel Blue (Medium).html,AN07
Angel Blue (Small),Semi-aggressive,"2""",10 Gallon,Metallic silvery-blue sheen with dark vertical bars. Color can vary.,"Omnivore. Sera San Color Flakes, Hikari Frozen Brine, Hikari Frozen Bloodworms",Color variant of freshwater angelfish. Peaceful for a cichlid but territorial during breeding. May prey on very small fish. Does well in planted tanks with hardy species. Prefers tall tanks.,75-84°F,6.0-7.5,2-8 dKH,South America (Amazon River Basin),Caution,Pterophyllum scalare,https://bubba751.github.io/Freshwater-Fish-HTML-Files-V3/Angel Blue (Small).html,AN06
Angel Glo (Extra Large),Semi-aggressive,"8""",55 Gallon,"Fluorescent neon green, pink, or orange body","Omnivore. Sera San Color Flakes, Hikari Frozen Brine, Hikari Frozen Bloodworms",GloFish angelfish variant. Same cichlid temperament — generally peaceful but territorial at breeding time. Safe with robust plants; avoid pairing with fin-nippers like tiger barbs. Prefers tall tanks.,75-84°F,6.0-7.5,2-8 dKH,South America (Amazon River Basin),Caution,Pterophyllum scalare,https://bubba751.github.io/Freshwater-Fish-HTML-Files-V3/Angel Glo (Extra Large).html,AN15
Angel Glo (Large),Semi-aggressive,"6""",29 Gallon,"Fluorescent neon green, pink, or orange body","Omnivore. Sera San Color Flakes, Hikari Frozen Brine, Hikari Frozen Bloodworms",GloFish angelfish variant. Same cichlid temperament — generally peaceful but territorial at breeding time. Safe with robust plants; avoid pairing with fin-nippers like tiger barbs. Prefers tall tanks.,75-84°F,6.0-7.5,2-8 dKH,South America (Amazon River Basin),Caution,Pterophyllum scalare,https://bubba751.github.io/Freshwater-Fish-HTML-Files-V3/Angel Glo (Large).html,AN14
Angel Glo (Medium),Semi-aggressive,"4""",20 Gallon,"Fluorescent neon green, pink, or orange body","Omnivore. Sera San Color Flakes, Hikari Frozen Brine, Hikari Frozen Bloodworms",GloFish angelfish variant. Same cichlid temperament — generally peaceful but territorial at breeding time. Safe with robust plants; avoid pairing with fin-nippers like tiger barbs. Prefers tall tanks.,75-84°F,6.0-7.5,2-8 dKH,South America (Amazon River Basin),Caution,Pterophyllum scalare,https://bubba751.github.io/Freshwater-Fish-HTML-Files-V3/Angel Glo (Medium).html,AN12
Angel Glo (Small),Semi-aggressive,"2""",10 Gallon,"Fluorescent neon green, pink, or orange body","Omnivore. Sera San Color Flakes, Hikari Frozen Brine, Hikari Frozen Bloodworms",GloFish angelfish variant. Same cichlid temperament — generally peaceful but territorial at breeding time. Safe with robust plants; avoid pairing with fin-nippers like tiger barbs. Prefers tall tanks.,75-84°F,6.0-7.5,2-8 dKH,South America (Amazon River Basin),Caution,Pterophyllum scalare,https://bubba751.github.io/Freshwater-Fish-HTML-Files-V3/Angel Glo (Small).html,AN11
Angel Koi (Extra Large),Semi-aggressive,"8""",55 Gallon,"Calico pattern of orange, white, and black blotches","Omnivore. Sera San Color Flakes, Hikari Frozen Brine, Hikari Frozen Bloodworms",Koi-pattern angelfish — same species and temperament. Peaceful community fish but can be territorial. Thrives in planted tanks with tall species like Amazon sword and vallisneria. Prefers tall tanks.,75-84°F,6.0-7.5,2-8 dKH,South America (Amazon River Basin),Caution,Pterophyllum scalare,https://bubba751.github.io/Freshwater-Fish-HTML-Files-V3/Angel Koi (Extra Large).html,AN20
Angel Koi (Large),Semi-aggressive,"6""",29 Gallon,"Calico pattern of orange, white, and black blotches","Omnivore. Sera San Color Flakes, Hikari Frozen Brine, Hikari Frozen Bloodworms",Koi-pattern angelfish — same species and temperament. Peaceful community fish but can be territorial. Thrives in planted tanks with tall species like Amazon sword and vallisneria. Prefers tall tanks.,75-84°F,6.0-7.5,2-8 dKH,South America (Amazon River Basin),Caution,Pterophyllum scalare,https://bubba751.github.io/Freshwater-Fish-HTML-Files-V3/Angel Koi (Large).html,AN19
Angel Koi (Medium),Semi-aggressive,"4""",20 Gallon,"Calico pattern of orange, white, and black blotches","Omnivore. Sera San Color Flakes, Hikari Frozen Brine, Hikari Frozen Bloodworms",Koi-pattern angelfish — same species and temperament. Peaceful community fish but can be territorial. Thrives in planted tanks with tall species like Amazon sword and vallisneria. Prefers tall tanks.,75-84°F,6.0-7.5,2-8 dKH,South America (Amazon River Basin),Caution,Pterophyllum scalare,https://bubba751.github.io/Freshwater-Fish-HTML-Files-V3/Angel Koi (Medium).html,AN17
Angel Koi (Small),Semi-aggressive,"2""",10 Gallon,"Calico pattern of orange, white, and black blotches","Omnivore. Sera San Color Flakes, Hikari Frozen Brine, Hikari Frozen Bloodworms",Koi-pattern angelfish — same species and temperament. Peaceful community fish but can be territorial. Thrives in planted tanks with tall species like Amazon sword and vallisneria. Prefers tall tanks.,75-84°F,6.0-7.5,2-8 dKH,South America (Amazon River Basin),Caution,Pterophyllum scalare,https://bubba751.github.io/Freshwater-Fish-HTML-Files-V3/Angel Koi (Small).html,AN16
Angel Koi Dark (Extra Large),Semi-aggressive,"8""",55 Gallon,Calico orange and white with heavy black marbling,"Omnivore. Sera San Color Flakes, Hikari Frozen Brine, Hikari Frozen Bloodworms","Darker koi-pattern angelfish — same species and care. Peaceful but territorial during breeding. Thrives in planted tanks with tall, hardy plants. Prefers tall tanks.",75-84°F,6.0-7.5,2-8 dKH,South America (Amazon River Basin),Caution,Pterophyllum scalare,https://bubba751.github.io/Freshwater-Fish-HTML-Files-V3/Angel Koi Dark (Extra Large).html,AN25
Angel Koi Dark (Large),Semi-aggressive,"6""",29 Gallon,Calico orange and white with heavy black marbling,"Omnivore. Sera San Color Flakes, Hikari Frozen Brine, Hikari Frozen Bloodworms","Darker koi-pattern angelfish — same species and care. Peaceful but territorial during breeding. Thrives in planted tanks with tall, hardy plants. Prefers tall tanks.",75-84°F,6.0-7.5,2-8 dKH,South America (Amazon River Basin),Caution,Pterophyllum scalare,https://bubba751.github.io/Freshwater-Fish-HTML-Files-V3/Angel Koi Dark (Large).html,AN24
Angel Koi Dark (Medium),Semi-aggressive,"4""",20 Gallon,Calico orange and white with heavy black marbling,"Omnivore. Sera San Color Flakes, Hikari Frozen Brine, Hikari Frozen Bloodworms","Darker koi-pattern angelfish — same species and care. Peaceful but territorial during breeding. Thrives in planted tanks with tall, hardy plants. Prefers tall tanks.",75-84°F,6.0-7.5,2-8 dKH,South America (Amazon River Basin),Caution,Pterophyllum scalare,https://bubba751.github.io/Freshwater-Fish-HTML-Files-V3/Angel Koi Dark (Medium).html,AN22
Angel Koi Dark (Small),Semi-aggressive,"2""",10 Gallon,Calico orange and white with heavy black marbling,"Omnivore. Sera San Color Flakes, Hikari Frozen Brine, Hikari Frozen Bloodworms","Darker koi-pattern angelfish — same species and care. Peaceful but territorial during breeding. Thrives in planted tanks with tall, hardy plants. Prefers tall tanks.",75-84°F,6.0-7.5,2-8 dKH,South America (Amazon River Basin),Caution,Pterophyllum scalare,https://bubba751.github.io/Freshwater-Fish-HTML-Files-V3/Angel Koi Dark (Small).html,AN21
Angel Koi Red (Extra Large),Semi-aggressive,"8""",55 Gallon,High-coverage deep red-orange and white calico,"Omnivore. Sera San Color Flakes, Hikari Frozen Brine, Hikari Frozen Bloodworms",Red-accented koi angelfish — same species and temperament. Good planted-tank fish with hardy plants. Territorial during breeding; prefers tall tanks.,75-84°F,6.0-7.5,2-8 dKH,South America (Amazon River Basin),Caution,Pterophyllum scalare,https://bubba751.github.io/Freshwater-Fish-HTML-Files-V3/Angel Koi Red (Extra Large).html,AN30
Angel Koi Red (Large),Semi-aggressive,"6""",29 Gallon,High-coverage deep red-orange and white calico,"Omnivore. Sera San Color Flakes, Hikari Frozen Brine, Hikari Frozen Bloodworms",Red-accented koi angelfish — same species and temperament. Good planted-tank fish with hardy plants. Territorial during breeding; prefers tall tanks.,75-84°F,6.0-7.5,2-8 dKH,South America (Amazon River Basin),Caution,Pterophyllum scalare,https://bubba751.github.io/Freshwater-Fish-HTML-Files-V3/Angel Koi Red (Large).html,AN29
Angel Koi Red (Medium),Semi-aggressive,"4""",20 Gallon,High-coverage deep red-orange and white calico,"Omnivore. Sera San Color Flakes, Hikari Frozen Brine, Hikari Frozen Bloodworms",Red-accented koi angelfish — same species and temperament. Good planted-tank fish with hardy plants. Territorial during breeding; prefers tall tanks.,75-84°F,6.0-7.5,2-8 dKH,South America (Amazon River Basin),Caution,Pterophyllum scalare,https://bubba751.github.io/Freshwater-Fish-HTML-Files-V3/Angel Koi Red (Medium).html,AN27
Angel Koi Red (Small),Semi-aggressive,"2""",10 Gallon,High-coverage deep red-orange and white calico,"Omnivore. Sera San Color Flakes, Hikari Frozen Brine, Hikari Frozen Bloodworms",Red-accented koi angelfish — same species and temperament. Good planted-tank fish with hardy plants. Territorial during breeding; prefers tall tanks.,75-84°F,6.0-7.5,2-8 dKH,South America (Amazon River Basin),Caution,Pterophyllum scalare,https://bubba751.github.io/Freshwater-Fish-HTML-Files-V3/Angel Koi Red (Small).html,AN26
Angel Large,Semi-aggressive,"6""",29 Gallon,"Brilliant, solid high-gloss pearl white","Omnivore. Sera San Color Flakes, Hikari Frozen Brine, Hikari Frozen Bloodworms",Platinum/silver-white angelfish variant. Identical care and temperament to other angelfish. Tall tanks with robust plants are ideal. Territorial during breeding.,75-84°F,6.0-7.5,2-8 dKH,South America (Amazon River Basin),Caution,Pterophyllum scalare,https://bubba751.github.io/Freshwater-Fish-HTML-Files-V3/Angel Large.html,2631369
Angel Marble (Extra Large),Semi-aggressive,"8""",55 Gallon,Irregular marbled black and silver patterns,"Omnivore. Sera San Color Flakes, Hikari Frozen Brine, Hikari Frozen Bloodworms",Marble-patterned angelfish. Same temperament — peaceful but cichlid-territorial. Excellent in tall planted tanks with robust species like Amazon sword or Java fern.,75-84°F,6.0-7.5,2-8 dKH,South America (Amazon River Basin),Caution,Pterophyllum scalare,https://bubba751.github.io/Freshwater-Fish-HTML-Files-V3/Angel Marble (Extra Large).html,AN35
Angel Marble (Large),Semi-aggressive,"6""",29 Gallon,Irregular marbled black and silver patterns,"Omnivore. Sera San Color Flakes, Hikari Frozen Brine, Hikari Frozen Bloodworms",Marble-patterned angelfish. Same temperament — peaceful but cichlid-territorial. Excellent in tall planted tanks with robust species like Amazon sword or Java fern.,75-84°F,6.0-7.5,2-8 dKH,South America (Amazon River Basin),Caution,Pterophyllum scalare,https://bubba751.github.io/Freshwater-Fish-HTML-Files-V3/Angel Marble (Large).html,AN34
Angel Marble (Medium),Semi-aggressive,"4""",20 Gallon,Irregular marbled black and silver patterns,"Omnivore. Sera San Color Flakes, Hikari Frozen Brine, Hikari Frozen Bloodworms",Marble-patterned angelfish. Same temperament — peaceful but cichlid-territorial. Excellent in tall planted tanks with robust species like Amazon sword or Java fern.,75-84°F,6.0-7.5,2-8 dKH,South America (Amazon River Basin),Caution,Pterophyllum scalare,https://bubba751.github.io/Freshwater-Fish-HTML-Files-V3/Angel Marble (Medium).html,AN32
Angel Marble (Small),Semi-aggressive,"2""",10 Gallon,Irregular marbled black and silver patterns,"Omnivore. Sera San Color Flakes, Hikari Frozen Brine, Hikari Frozen Bloodworms",Marble-patterned angelfish. Same temperament — peaceful but cichlid-territorial. Excellent in tall planted tanks with robust species like Amazon sword or Java fern.,75-84°F,6.0-7.5,2-8 dKH,South America (Amazon River Basin),Caution,Pterophyllum scalare,https://bubba751.github.io/Freshwater-Fish-HTML-Files-V3/Angel Marble (Small).html,AN31
Angel Platinum (Extra Large),Semi-aggressive,"8""",55 Gallon,"Brilliant, solid high-gloss pearl white","Omnivore. Sera San Color Flakes, Hikari Frozen Brine, Hikari Frozen Bloodworms",Platinum/silver-white angelfish variant. Identical care and temperament to other angelfish. Tall tanks with robust plants are ideal. Territorial during breeding.,75-84°F,6.0-7.5,2-8 dKH,South America (Amazon River Basin),Caution,Pterophyllum scalare,https://bubba751.github.io/Freshwater-Fish-HTML-Files-V3/Angel Platinum (Extra Large).html,AN40
Angel Platinum (Large),Semi-aggressive,"6""",29 Gallon,"Brilliant, solid high-gloss pearl white","Omnivore. Sera San Color Flakes, Hikari Frozen Brine, Hikari Frozen Bloodworms",Platinum/silver-white angelfish variant. Identical care and temperament to other angelfish. Tall tanks with robust plants are ideal. Territorial during breeding.,75-84°F,6.0-7.5,2-8 dKH,South America (Amazon River Basin),Caution,Pterophyllum scalare,https://bubba751.github.io/Freshwater-Fish-HTML-Files-V3/Angel Platinum (Large).html,AN39
Angel Platinum (Medium),Semi-aggressive,"4""",20 Gallon,"Brilliant, solid high-gloss pearl white","Omnivore. Sera San Color Flakes, Hikari Frozen Brine, Hikari Frozen Bloodworms",Platinum/silver-white angelfish variant. Identical care and temperament to other angelfish. Tall tanks with robust plants are ideal. Territorial during breeding.,75-84°F,6.0-7.5,2-8 dKH,South America (Amazon River Basin),Caution,Pterophyllum scalare,https://bubba751.github.io/Freshwater-Fish-HTML-Files-V3/Angel Platinum (Medium).html,AN37
Angel Platinum (Small),Semi-aggressive,"2""",10 Gallon,"Brilliant, solid high-gloss pearl white","Omnivore. Sera San Color Flakes, Hikari Frozen Brine, Hikari Frozen Bloodworms",Platinum/silver-white angelfish variant. Identical care and temperament to other angelfish. Tall tanks with robust plants are ideal. Territorial during breeding.,75-84°F,6.0-7.5,2-8 dKH,South America (Amazon River Basin),Caution,Pterophyllum scalare,https://bubba751.github.io/Freshwater-Fish-HTML-Files-V3/Angel Platinum (Small).html,AN36
Angel Silver (Extra Large),Semi-aggressive,"8""",55 Gallon,Classic wild-type silver with dark vertical bars,"Omnivore. Sera San Color Flakes, Hikari Frozen Brine, Hikari Frozen Bloodworms","Classic silver angelfish — the original wild-type coloration. Peaceful for a cichlid; territorial during breeding. Does well in planted tanks with tall, hardy plants.",75-84°F,6.0-7.5,2-8 dKH,South America (Amazon River Basin),Caution,Pterophyllum scalare,https://bubba751.github.io/Freshwater-Fish-HTML-Files-V3/Angel Silver (Extra Large).html,AN45
Angel Silver (Large),Semi-aggressive,"6""",29 Gallon,Classic wild-type silver with dark vertical bars,"Omnivore. Sera San Color Flakes, Hikari Frozen Brine, Hikari Frozen Bloodworms","Classic silver angelfish — the original wild-type coloration. Peaceful for a cichlid; territorial during breeding. Does well in planted tanks with tall, hardy plants.",75-84°F,6.0-7.5,2-8 dKH,South America (Amazon River Basin),Caution,Pterophyllum scalare,https://bubba751.github.io/Freshwater-Fish-HTML-Files-V3/Angel Silver (Large).html,AN44
Angel Silver (Medium),Semi-aggressive,"4""",20 Gallon,Classic wild-type silver with dark vertical bars,"Omnivore. Sera San Color Flakes, Hikari Frozen Brine, Hikari Frozen Bloodworms","Classic silver angelfish — the original wild-type coloration. Peaceful for a cichlid; territorial during breeding. Does well in planted tanks with tall, hardy plants.",75-84°F,6.0-7.5,2-8 dKH,South America (Amazon River Basin),Caution,Pterophyllum scalare,https://bubba751.github.io/Freshwater-Fish-HTML-Files-V3/Angel Silver (Medium).html,AN42
Angel Silver (Small),Semi-aggressive,"2""",10 Gallon,Classic wild-type silver with dark vertical bars,"Omnivore. Sera San Color Flakes, Hikari Frozen Brine, Hikari Frozen Bloodworms","Classic silver angelfish — the original wild-type coloration. Peaceful for a cichlid; territorial during breeding. Does well in planted tanks with tall, hardy plants.",75-84°F,6.0-7.5,2-8 dKH,South America (Amazon River Basin),Caution,Pterophyllum scalare,https://bubba751.github.io/Freshwater-Fish-HTML-Files-V3/Angel Silver (Small).html,AN41
Apisto Bebas,Peaceful; semi-aggressive when breeding,"2.5-3""",10 Gallon,"Yellow-orange body, blue facial markings","Omnivore. Hikari Vibra Bites,, Hikari Betta Food, Hikari Frozen Bloodworms, Hikari Frozen Brine","Soft/acidic water dwarf cichlid; keep in pairs or harems with caves, driftwood and leaf litter; sensitive to water quality",78-84°F,5.5-6.5,1-4 dKH,Peru (Amazon basin),Safe,Apistogramma bebas,https://bubba751.github.io/Freshwater-Fish-HTML-Files-V3/Apisto Bebas.html,5374140
Axolotyl (Large),Semi-aggressive,"12""",55 Gallon,"Leucistic pink, wild olive, or black aquatic salamander","Carnivore. Sinking axolotl pellets, frozen bloodworm cubes, earthworms, and nightcrawlers.","Aquatic salamander, not a fish. Peaceful but will eat small fish and invertebrates. May disturb plants; use robust anchored species. Needs cool water (60-68°F).",60-64°F,7.0-8.0,7-14 dKH,Mexico (Lake Xochimilco),Caution,Ambystoma mexicanum,https://bubba751.github.io/Freshwater-Fish-HTML-Files-V3/Axolotyl (Large).html,MI03
Axolotyl (Small),Semi-aggressive,"3""",10 Gallon,"Leucistic pink, wild olive, or black aquatic salamander","Carnivore. Sinking axolotl pellets, frozen bloodworm cubes, earthworms, and nightcrawlers.","Aquatic salamander, not a fish. Peaceful but will eat small fish and invertebrates. May disturb plants; use robust anchored species. Needs cool water (60-68°F).",60-64°F,7.0-8.0,7-14 dKH,Mexico (Lake Xochimilco),Caution,Ambystoma mexicanum,https://bubba751.github.io/Freshwater-Fish-HTML-Files-V3/Axolotyl (Small).html,MI02
Barb Black Spot,Semi-aggressive,"4""",20 Gallon,Silver-gold body with a prominent black spot near tail,"Omnivore. Sera San Color Flakes, Hikari Frozen Brine, Hikari Frozen Bloodworms",Peaceful to semi-aggressive depending on group size. Keep in schools of 6 or more to reduce fin-nipping. Plant-safe.,77-84°F,6.0-7.5,5-15 dKH,India,Safe,P Dawkinsia filamentosa,https://bubba751.github.io/Freshwater-Fish-HTML-Files-V3/Barb Black Spot.html,BA01
Barb Cherry,Peaceful,"2""",20 Gallon,Deep cherry red or reddish-brown,"Omnivore. Sera San Color Flakes, Hikari Frozen Brine, Hikari Frozen Bloodworms",Cherry Barb — one of the most peaceful barb species. Excellent community fish; will not nip fins. Loves planted tanks with hiding spots. Keep in groups of 6 or more.,73-81°F,6.0-7.0,4-10 dKH,Sri Lanka,Safe,Puntius titteya,https://bubba751.github.io/Freshwater-Fish-HTML-Files-V3/Barb Cherry.html,BA02
Barb Cherry Albino,Peaceful,"2""",20 Gallon,Pale cream/pink body with bright red eyes,"Omnivore. Sera San Color Flakes, Hikari Frozen Brine, Hikari Frozen Bloodworms",Albino variant of Cherry Barb; same peaceful temperament and plant-safe behavior. Keep in groups of 6 or more.,73-81°F,6.0-7.0,4-10 dKH,Sri Lanka,Safe,Puntius titteya,https://bubba751.github.io/Freshwater-Fish-HTML-Files-V3/Barb Cherry Albino.html,BA04
Barb Clown,Peaceful,"4""",20 Gallon,"Bold, reddish-gold bodies covered in dark irregular vertical bands and striking red fins","Omnivore. Sera San Color Flakes, Hikari Frozen Brine, Hikari Frozen Bloodworms","Must be kept in a group of 6 or more (ideally 10+). When kept alone or in tiny numbers, they can become nippy and stressed.",73-81°F,6.0-7.0,4-10 dKH,"Borneo, Sumatra",Safe,Barbodes everetti,https://bubba751.github.io/Freshwater-Fish-HTML-Files-V3/Barb Clown.html,3110133
Barb Glo,Semi-aggressive,"3""",20 Gallon,Fluorescent Electric Green or Sunburst Orange,"Omnivore. Sera San Color Flakes, Hikari Frozen Brine, Hikari Frozen Bloodworms",GloFish barb — active and can be nippy; keep in groups of 6 or more. Plant-safe.,74-80°F,6.0-7.5,4-12 dKH,"Southeast Asia (Borneo, Sumatra)",Safe,Puntigrus tetrazona,https://bubba751.github.io/Freshwater-Fish-HTML-Files-V3/Barb Glo.html,BA05
Barb Gold,Peaceful,"3""",20 Gallon,Bright golden-yellow with small black specks,"Omnivore. Sera San Color Flakes, Hikari Frozen Brine, Hikari Frozen Bloodworms","Gold barb is a peaceful, hardy schooling fish. Plant-safe and suitable for community tanks. Keep in groups of 6 or more.",64-75°F,6.0-8.0,5-15 dKH,"East Asia (China, Vietnam)",Safe,Barbodes semifasciolatus,https://bubba751.github.io/Freshwater-Fish-HTML-Files-V3/Barb Gold.html,BA06
Barb Green,Semi-aggressive,"3""",20 Gallon,Deep metallic solid green tiger barb variant,"Omnivore. Sera San Color Flakes, Hikari Frozen Brine, Hikari Frozen Bloodworms",Active barb; can be nippy in small groups. Keep in schools of 6 or more to reduce aggression. Plant-safe.,74-80°F,6.0-7.5,4-12 dKH,"Southeast Asia (Borneo, Sumatra)",Safe,Puntigrus tetrazona,https://bubba751.github.io/Freshwater-Fish-HTML-Files-V3/Barb Green.html,BA08
Barb Green Tiger,Semi-aggressive,"3""",30 Gallon,Deep metallic solid green with faint vertical stripes,"Omnivore. Sera San Color Flakes, Hikari Frozen Brine, Hikari Frozen Bloodworms",Color variant of Tiger Barb. Semi-aggressive fin-nipper; keep in large schools of 8 or more to minimize fin-nipping. Plant-safe.,74-80°F,6.0-7.5,4-12 dKH,"Southeast Asia (Borneo, Sumatra)",Safe,Puntigrus tetrazona,https://bubba751.github.io/Freshwater-Fish-HTML-Files-V3/Barb Green Tiger.html,BA09
Barb Jade,Peaceful,"3""",20 Gallon,Uniform light jade green with translucent fins,"Omnivore. Sera San Color Flakes, Hikari Frozen Brine, Hikari Frozen Bloodworms",Generally peaceful barb. Good community fish when kept in schools. Plant-safe.,74-80°F,6.0-7.5,4-12 dKH,"Southeast Asia (Borneo, Sumatra)",Safe,Puntigrus tetrazona,https://bubba751.github.io/Freshwater-Fish-HTML-Files-V3/Barb Jade.html,BA10
Barb Mascara,Semi-aggressive,"5""",20 Gallon,Silver body with prominent dark eyeliner bars over eyes,"Omnivore. Sera San Color Flakes, Hikari Frozen Brine, Hikari Frozen Bloodworms",Active barb; may nip fins. Best in schools of 6 or more. Plant-safe.,70-77°F,6.5-7.5,5-12 dKH,India,Safe,Dawkinsia assimilis,https://bubba751.github.io/Freshwater-Fish-HTML-Files-V3/Barb Mascara.html,BA12
Barb Odessa,Semi-aggressive,"3""",30 Gallon,"Silver body with a broad, brilliant red horizontal band","Omnivore. Sera San Color Flakes, Hikari Frozen Brine, Hikari Frozen Bloodworms","Lively, semi-aggressive barb. Can nip fins; keep in schools of 8 or more with similarly active fish. Plant-safe.",70-78°F,6.5-7.5,4-12 dKH,Myanmar,Safe,Pethia padamyas,https://bubba751.github.io/Freshwater-Fish-HTML-Files-V3/Barb Odessa.html,BA14
Barb Panda,Peaceful,"3""",20 Gallon,Silver-gold with thick dark vertical bands/blotches,"Omnivore. Sera San Color Flakes, Hikari Frozen Brine, Hikari Frozen Bloodworms",Peaceful barb suitable for community tanks. Plant-safe.,72-79°F,6.0-7.5,5-12 dKH,India,Safe,Haludaria fasciata,https://bubba751.github.io/Freshwater-Fish-HTML-Files-V3/Barb Panda.html,BA15
Barb Rhombo,Peaceful,"2""",20 Gallon,Reddish-brown with diamond-shaped dark body bars,"Omnivore. Sera San Color Flakes, Hikari Frozen Brine, Hikari Frozen Bloodworms",Peaceful schooling barb; good community fish. Plant-safe.,73-82°F,5.5-6.8,2-8 dKH,Borneo,Safe,Desmopuntius rhomboocellatus,https://bubba751.github.io/Freshwater-Fish-HTML-Files-V3/Barb Rhombo.html,BA16
Barb Tiger,Semi-aggressive,"3""",30 Gallon,Golden-orange with four distinct vertical black bands,"Omnivore. Sera San Color Flakes, Hikari Frozen Brine, Hikari Frozen Bloodworms","Known fin-nipper, especially in small groups. Keep in schools of 8 or more to redirect aggression. Avoid with angelfish, bettas, and guppies. Plant-safe.",74-80°F,6.0-7.5,4-12 dKH,"Southeast Asia (Borneo, Sumatra)",Safe,Puntigrus tetrazona,https://bubba751.github.io/Freshwater-Fish-HTML-Files-V3/Barb Tiger.html,BA17
Barb Tiger Albino,Semi-aggressive,"3""",30 Gallon,Creamy yellow body with white stripes and red eyes,"Omnivore. Sera San Color Flakes, Hikari Frozen Brine, Hikari Frozen Bloodworms","Albino Tiger Barb — same semi-aggressive temperament as standard Tiger Barb. Keep in schools of 8 or more; avoid with angelfish, bettas, and guppies. Plant-safe.",74-80°F,6.0-7.5,4-12 dKH,"Southeast Asia (Borneo, Sumatra)",Safe,Puntigrus tetrazona,https://bubba751.github.io/Freshwater-Fish-HTML-Files-V3/Barb Tiger Albino.html,BA19
Barb TinFoil,Peaceful,"14""",55 Gallon,Bright silver mirror-like scales with bright red fins,"Omnivore. Sera San Color Flakes, Hikari Frozen Brine, Hikari Frozen Bloodworms","Large, active, peaceful barb growing up to 14 Inches. Needs a 125 or more gallon tank in a school. May consume soft aquatic plants — use robust species like Java fern or Anubias.",72-80°F,6.5-7.5,4-10 dKH,Southeast Asia,Caution,Barbonymus schwanenfeldii,https://bubba751.github.io/Freshwater-Fish-HTML-Files-V3/Barb TinFoil.html,BA20
Barb TinFoil Gold,Peaceful,"14""",125 Gallon,Polished metallic brassy-gold with red fins,"Omnivore. Voracious feeders. Provide a staple flake or pellet diet mixed with frequent feedings of live or frozen daphnia, brine shrimp, and vegetable flakes.","Gold variant of Tinfoil Barb; same large size and temperament. Needs 125 or more gallon tank. May nibble soft plants — use robust, hardy species.",64-75°F,6.0-8.0,5-15 dKH,"East Asia (China, Vietnam)",Caution,Barbodes semifasciolatus,https://bubba751.github.io/Freshwater-Fish-HTML-Files-V3/Barb TinFoil Gold.html,BA22
Betta Crowntail (Female),Peaceful,"2.5""",5 Gallon,Assorted colors; distinctive spiked fin borders,"Omnivore. Hikari Vibra Bites,, Hikari Betta Food, Hikari Frozen Bloodworms, Hikari Frozen Brine",Female bettas are much more tolerant than males. Can be kept in community tanks. Plant-safe and benefits from planted environments.,76-82°F,7.0-7.4,2-5 dKH,Southeast Asia (Thailand),Safe,Betta splendens,https://bubba751.github.io/Freshwater-Fish-HTML-Files-V3/Betta Crowntail (Female).html,BE04
Betta Crowntail (Male),Aggressive to other bettas and long-finned fish,"2.5-3""",10 Gallon,Varies widely; spiky crown-shaped fin rays,"Omnivore. Hikari Vibra Bites,, Hikari Betta Food, Hikari Frozen Bloodworms, Hikari Frozen Brine","Keep solo or with peaceful, non fin-nipping tankmates; needs surface access for labyrinth organ; avoid strong current",76-82°F,6.5-7.5,3-4 dKH,Thailand (Southeast Asia),Safe,Betta splendens,https://bubba751.github.io/Freshwater-Fish-HTML-Files-V3/Betta Crowntail (Male).html,BE03
Betta Female,Peaceful,"2.5""",5 Gallon,"Assorted varied colors with short, neat fins","Omnivore. Hikari Vibra Bites,, Hikari Betta Food, Hikari Frozen Bloodworms, Hikari Frozen Brine",Female bettas are generally more community-friendly. Still monitor for aggression. Plant-safe and benefits from planted tanks.,76-82°F,6.5-7.5,2-5 dKH,Southeast Asia (Thailand),Safe,Betta splendens,https://bubba751.github.io/Freshwater-Fish-HTML-Files-V3/Betta Female.html,BE02
Betta Halfmoon (Female),Semi-aggressive; can be kept in sororities of 5+,"2-2.5""",10 Gallon,Varies widely; 180° fan-shaped tail,"Omnivore. Hikari Vibra Bites,, Hikari Betta Food, Hikari Frozen Bloodworms, Hikari Frozen Brine",More tolerant of other females in larger groups; still needs close monitoring for aggression; provide dense planting/line of sight breaks,76-82°F,6.5-7.5,3-4 dKH,Thailand (Southeast Asia),Safe,Betta splendens,https://bubba751.github.io/Freshwater-Fish-HTML-Files-V3/Betta Halfmoon (Female).html,BE06
Betta Halfmoon (Male),Aggressive to other bettas and long-finned fish,"2.5-3""",10 Gallon,Varies widely; 180° fan-shaped tail,"Omnivore. Hikari Vibra Bites,, Hikari Betta Food, Hikari Frozen Bloodworms, Hikari Frozen Brine","Keep solo; large flowing fins are prone to nipping and need calm, gentle-flow water",76-82°F,6.5-7.5,3-4 dKH,Thailand (Southeast Asia),Safe,Betta splendens,https://bubba751.github.io/Freshwater-Fish-HTML-Files-V3/Betta Halfmoon (Male).html,BE05
Betta Halfmoon Koi Female,Semi-aggressive; can be kept in sororities of 5+,"2-2.5""",10 Gallon,Varies widely; 180° fan-shaped tail,"Omnivore. Hikari Vibra Bites,, Hikari Betta Food, Hikari Frozen Bloodworms, Hikari Frozen Brine",More tolerant of other females in larger groups; still needs close monitoring for aggression; provide dense planting/line of sight breaks,76-82°F,6.5-7.5,3-4 dKH,Thailand (Southeast Asia),Safe,Betta splendens,https://bubba751.github.io/Freshwater-Fish-HTML-Files-V3/Betta Halfmoon Koi Female.html,503785Q
Betta Male,Aggressive,"3""",5 Gallon,Assorted vibrant primary colors with long flowing fins,"Omnivore. Hikari Vibra Bites,, Hikari Betta Food, Hikari Frozen Bloodworms, Hikari Frozen Brine",Standard male betta — highly aggressive toward other males and brightly colored fish. Best kept alone. Loves plants for hiding and resting.,76-82°F,6.5-7.5,2-5 dKH,Southeast Asia (Thailand),Safe,Betta splendens,https://bubba751.github.io/Freshwater-Fish-HTML-Files-V3/Betta Male.html,BE01
Betta Plakat (Female),Semi-aggressive; more active than long-finned forms,"2-2.5""",10 Gallon,"Varies widely; short, rounded fins","Omnivore. Hikari Vibra Bites,, Hikari Betta Food, Hikari Frozen Bloodworms, Hikari Frozen Brine",Hardier and better community candidate than long-finned bettas; still monitor with fin-nipping species,76-82°F,6.5-7.5,3-4 dKH,Thailand (Southeast Asia),Safe,Betta splendens,https://bubba751.github.io/Freshwater-Fish-HTML-Files-V3/Betta Plakat (Female).html,BE08
Betta Plakat (Male),Aggressive,"3""",5 Gallon,"Assorted brilliant patterns; short, aggressive show fins","Omnivore. Hikari Vibra Bites,, Hikari Betta Food, Hikari Frozen Bloodworms, Hikari Frozen Brine",Plakat (short-fin) male betta. Still aggressive toward other males. Keep alone or with docile tankmates. Plant-safe.,76-82°F,6.5-7.5,2-5 dKH,Southeast Asia (Thailand),Safe,Betta splendens,https://bubba751.github.io/Freshwater-Fish-HTML-Files-V3/Betta Plakat (Male).html,BE07
Betta Veiltail,Aggressive,"3""",5 Gallon,"Assorted brilliant patterns; short, aggressive show fins","Omnivore. Hikari Vibra Bites,, Hikari Betta Food, Hikari Frozen Bloodworms, Hikari Frozen Brine",Plakat (short-fin) male betta. Still aggressive toward other males. Keep alone or with docile tankmates. Plant-safe.,76-82°F,6.5-7.5,2-5 dKH,Southeast Asia (Thailand),Safe,Betta splendens,https://bubba751.github.io/Freshwater-Fish-HTML-Files-V3/Betta Veiltail.html,601939A
Bichir Albino,Semi-aggressive,"12""",50 Gallon,Pinkish-white prehistoric eel-body; row of tiny dorsal finlets,"Carnivore. Hikari Frozen Food, Vibra Bites, VipaChips",Predatory bottom dweller; will eat small fish. Generally ignores plants but may disturb roots when moving. Use robust plants. Grows to 12 inches or more.,77-82°F,6.8-7.6,5-12 dKH,Africa,Caution,Polypterus senegalus,https://bubba751.github.io/Freshwater-Fish-HTML-Files-V3/Bichir Albino.html,MI04
Bichir Delhezi,Semi-aggressive,"14""",90 Gallon,Olive grey body with distinct dark vertical bars or chevrons,"Carnivore/Predator. High-protein floating/sinking predator pellets, krill, silversides, freeze-dried shrimp, or frozen bloodworms depending on fish size.",Same predatory nature as other bichirs. Peaceful with similarly large fish. May disturb plant roots. Grows to 14 Inches or more.,75-82°F,6.5-7.5,5-12 dKH,Africa,Caution,Polypterus delhezi,https://bubba751.github.io/Freshwater-Fish-HTML-Files-V3/Bichir Delhezi.html,MI05
Catfish Adolpho's Cory,Peaceful,"2.2""",10 Gallon,Tan body with black back strip and bright orange nape,"Omnivore. Hikari Sinking Medium Gold, Hikari Sinking Mini Gold, Sera Sinking Veggie, Sera Sinking",Peaceful bottom dweller; great community fish. Thrives in groups of 6 or more. Plant-safe and benefits from planted tanks. Prefers soft substrate.,75-85°F,6.5-7.5,3-10 dKH,South America (Amazon Basin),Safe,Corydoras adolfoi,https://bubba751.github.io/Freshwater-Fish-HTML-Files-V3/Catfish Adolpho's Cory.html,CA03
Catfish Albino Cory,Peaceful,"2.8""",10 Gallon,Solid pinkish-white body with bright pink eyes,"Omnivore. Hikari Sinking Medium Gold, Hikari Sinking Mini Gold, Sera Sinking Veggie, Sera Sinking","Albino form of aeneus cory. Peaceful, social bottom dweller. Plant-safe; prefers soft substrate. Keep in groups of 6 or more.",75-85°F,7.0-7.4,3-10 dKH,South America (Amazon Basin),Safe,Corydoras aeneus,https://bubba751.github.io/Freshwater-Fish-HTML-Files-V3/Catfish Albino Cory.html,CA01
Catfish Albino Peppered Cory,Peaceful,"2.8""",10 Gallon,"Pale body, reddish-pink eyes, and light, shimmering iridescent blue accents","Omnivore. Hikari Sinking Medium Gold, Hikari Sinking Mini Gold, Sera Sinking Veggie, Sera Sinking","Albino form of aeneus cory. Peaceful, social bottom dweller. Plant-safe; prefers soft substrate. Keep in groups of 6 or more.",75-85°F,7.0-7.5,3-10 dKH,South America (Amazon Basin),Safe,Corydoras paleatus,https://bubba751.github.io/Freshwater-Fish-HTML-Files-V3/Catfish Albino Peppered Cory.html,6270805
Catfish Aneus Bronze Cory,Peaceful,"2.8""",10 Gallon,Bronze-green metallic body with a light belly,"Omnivore. Hikari Sinking Medium Gold, Hikari Sinking Mini Gold, Sera Sinking Veggie, Sera Sinking","Hardy, peaceful cory catfish. Excellent community fish; keep in groups of 6 or more. Plant-safe. Prefers soft substrate.",75-85°F,7.0-7.4,3-10 dKH,South America (Amazon Basin),Safe,Corydoras aeneus,https://bubba751.github.io/Freshwater-Fish-HTML-Files-V3/Catfish Aneus Bronze Cory.html,CA02
Catfish Aneus Cory,Peaceful,"2.8""",10 Gallon,Bronze-green metallic body with a light belly,"Omnivore. Hikari Sinking Medium Gold, Hikari Sinking Mini Gold, Sera Sinking Veggie, Sera Sinking","Hardy, peaceful cory catfish. Excellent community fish; keep in groups of 6 or more. Plant-safe. Prefers soft substrate.",75-85°F,7.0-7.4,3-10 dKH,South America (Amazon Basin),Safe,Corydoras aeneus,https://bubba751.github.io/Freshwater-Fish-HTML-Files-V3/Catfish Aneus Cory.html,CA02
Catfish Black Fin Cory,Peaceful,"2.5""",10 Gallon,Silver body covered in dark spots; bold black dorsal fin,"Omnivore. Sera San Color Flakes, Sera Vipachips, Hikari Frozen Brine, Hikari Frozen Bloodworms",Peaceful cory species; excellent community bottom dweller. Plant-safe; keep in groups of 6 or more. Prefers soft substrate.,75-85°F,7.0-7.4,3-10 dKH,South America (Amazon Basin),Safe,Corydoras leucomelas,https://bubba751.github.io/Freshwater-Fish-HTML-Files-V3/Catfish Black Fin Cory.html,CA05
Catfish Bronze Cory,Peaceful,"2.8""",10 Gallon,Bronze-green metallic body with a light belly,"Omnivore. Hikari Sinking Medium Gold, Hikari Sinking Mini Gold, Sera Sinking Veggie, Sera Sinking","Hardy, peaceful cory catfish. Excellent community fish; keep in groups of 6 or more. Plant-safe. Prefers soft substrate.",75-85°F,7.0-7.4,3-10 dKH,South America (Amazon Basin),Safe,Corydoras aeneus,https://bubba751.github.io/Freshwater-Fish-HTML-Files-V3/Catfish Bronze Cory.html,CA02
Catfish Burmese Marble,Peaceful,"12""",29 Gallon,Intricate marbled cream and dark brown patterning,"Omnivore. Sera San Color Flakes, Sera Vipachips, Hikari Frozen Brine, Hikari Frozen Bloodworms",Peaceful catfish; good community fish. Plant-safe.,75-85°F,7.0-7.4,5-12 dKH,Myanmar,Safe,Glyptothorax trilineatus,https://bubba751.github.io/Freshwater-Fish-HTML-Files-V3/Catfish Burmese Marble.html,CA07
Catfish Cory Black,"Peaceful, schooling","2-2.5""",10 Gallon,Dark grey to black body,"Omnivore. Sera San Color Flakes, Sera Vipachips, Hikari Frozen Brine, Hikari Frozen Bloodworms",Bottom dweller; keep in groups of 6+; use sand substrate to protect barbels,72-78°F,6.0-7.5,2-12 dKH,South America (Amazon/Orinoco basins),Safe,Corydoras sp. (black morph),https://bubba751.github.io/Freshwater-Fish-HTML-Files-V3/Catfish Cory Black.html,H844139
Catfish Dwarf Bumble Bee,Peaceful,"3""",10 Gallon,Alternating thick black and bright orange-yellow bands,"Omnivore. Sera San Color Flakes, Sera Vipachips, Hikari Frozen Brine, Sinking Pellets","Small, peaceful catfish. Best with similarly sized peaceful fish. Plant-safe.",77-82°F,7.0-7.6,4-12 dKH,South America,Safe,Microglanis iheringi,https://bubba751.github.io/Freshwater-Fish-HTML-Files-V3/Catfish Dwarf Bumble Bee.html,CA08
Catfish Dwarf Petricola,Peaceful,"4""",10 Gallon,Light tan body covered in small brown spots; white fin trim,"Omnivore. Sera San Color Flakes, Sera Vipachips, Hikari Frozen Brine, Sinking Pellets",Peaceful dwarf catfish from Africa. Social; keep in groups. Plant-safe.,77-82°F,7.0-7.6,10-20 dKH,Africa (Lake Tanganyika),Safe,Synodontis petricola,https://bubba751.github.io/Freshwater-Fish-HTML-Files-V3/Catfish Dwarf Petricola.html,CA09
Catfish False Bandit,Peaceful,"2""",10 Gallon,Sandy tan body with a black mask across the eyes,"Omnivore. Sera San Color Flakes, Sera Vipachips, Hikari Frozen Brine, Sinking Pellets",Peaceful cory-type catfish. Good community bottom dweller. Plant-safe. Keep in groups.,77-82°F,7.0-7.6,3-10 dKH,Brazil and Colombia — upper Rio Negro and Meta River basins (Amazon/Orinoco watershed,Safe,Corydoras melini,https://bubba751.github.io/Freshwater-Fish-HTML-Files-V3/Catfish False Bandit.html,CA10
Catfish Glass,Peaceful,"4""",20 Gallon,"Completely transparent, clear glass-like body","Omnivore. Sera San Color Flakes, Sera Vipachips, Hikari Frozen Brine, Hikari Frozen Bloodworms","Transparent, peaceful schooling fish. Keep in groups of 6 or more. Sensitive to water quality. Plant-safe.",77-82°F,6.8-7.6,4-10 dKH,Southeast Asia (Thailand),Safe,Kryptopterus vitreolus,https://bubba751.github.io/Freshwater-Fish-HTML-Files-V3/Catfish Glass.html,CA11
Catfish Julii Cory,Peaceful,"2.5""",10 Gallon,Silver white covered in fine black dots and fine lines,"Sera San Color Flakes, Sera Vipachips, Hikari Frozen Brine, Hikari Frozen Bloodworms","Popular, peaceful cory. Great community fish; keep in groups of 6 or more. Plant-safe. Prefers soft substrate.",75-85°F,7.0-7.4,4-10 dKH,South America (Amazon Basin),Safe,Corydoras julii,https://bubba751.github.io/Freshwater-Fish-HTML-Files-V3/Catfish Julii Cory.html,CA12
Catfish Metae,Peaceful,"2""",10 Gallon,Tan body with black band running over ridge of back,"Omnivore. Sera San Color Flakes, Sera Vipachips, Hikari Frozen Brine, Hikari Frozen Bloodworms",Peaceful cory catfish species. Social bottom dweller. Plant-safe. Keep in groups of 6 or more.,75-85°F,7.0-7.4,3-10 dKH,"Rios Meta, Guaviare, Ocoa & Manacacias (Orinoco Basin)",Safe,Corydoras metae,https://bubba751.github.io/Freshwater-Fish-HTML-Files-V3/Catfish Metae.html,CA13
Catfish Otto,Peaceful,"1.5""",10 Gallon,Muted mottled brown back with a distinct black side stripe,"Omnivore. Sera San Color Flakes, Sera Vipachips, Hikari Frozen Brine, Hikari Frozen Bloodworms","Otocinclus — tiny, peaceful algae eater. Excellent in planted tanks; grazes algae off leaves without damaging plants. Keep in groups of 4+.",75-85°F,7.0-7.4,2-10 dKH,South America,Safe,Otocinclus vittatus,https://bubba751.github.io/Freshwater-Fish-HTML-Files-V3/Catfish Otto.html,CA14
Catfish Paleatus Cory,Peaceful,"3""",10 Gallon,Mottled olive-green and grey with dark blotches,"Omnivore. Sera San Color Flakes, Sera Vipachips, Hikari Frozen Brine, Hikari Frozen Bloodworms",Peppered/paleatus cory; peaceful and hardy community fish. Plant-safe. Keep in groups of 6 or more.,75-85°F,7.0-7.4,3-10 dKH,South America (Amazon Basin),Safe,Corydoras paleatus,https://bubba751.github.io/Freshwater-Fish-HTML-Files-V3/Catfish Paleatus Cory.html,CA15
Catfish Panda Cory,Peaceful,"2""",10 Gallon,Off-white body with distinct black eye patches and tail spot,"Omnivore. Sera San Color Flakes, Sera Vipachips, Hikari Frozen Brine, Hikari Frozen Bloodworms","Popular, peaceful cory; excellent community fish. Keep in groups of 6 or more. Plant-safe; likes planted tanks.",75-85°F,7.0-7.4,3-10 dKH,South America (Amazon Basin),Safe,Corydoras panda,https://bubba751.github.io/Freshwater-Fish-HTML-Files-V3/Catfish Panda Cory.html,CA16
Catfish Peppered Cory,Peaceful,"3""",10 Gallon,Olive-silver with dark grey flecks scattered across body,"Omnivore. Sera San Color Flakes, Sera Vipachips, Hikari Frozen Brine, Hikari Frozen Bloodworms","Hardy, peaceful community catfish. Plant-safe; prefers soft substrate. Keep in groups of 6 or more.",75-85°F,7.0-7.4,3-10 dKH,South America (Amazon Basin),Safe,Corydoras paleatus,https://bubba751.github.io/Freshwater-Fish-HTML-Files-V3/Catfish Peppered Cory.html,CA17
Catfish Peru Cory,Peaceful,"2.5""",10 Gallon,Coppery-tan body with bright orange accents on fins,"Omnivore. Sera San Color Flakes, Sera Vipachips, Hikari Frozen Brine, Hikari Frozen Bloodworms",Peaceful cory species; social bottom dweller. Plant-safe. Keep in groups of 6 or more.,75-85°F,7.0-7.4,3-10 dKH,South America (Amazon Basin),Safe,Corydoras sp.,https://bubba751.github.io/Freshwater-Fish-HTML-Files-V3/Catfish Peru Cory.html,CA18
Catfish Pictus,Semi-aggressive,"5""",29 Gallon,"Bright silver body covered in bold, sharp black spots","Omnivore. Sera San Color Flakes, Sera Vipachips, Hikari Frozen Brine, Hikari Frozen Bloodworms","Active, semi-aggressive catfish with long barbels. May eat very small fish or shrimp. Plant-safe. Best with larger peaceful fish.",75-85°F,7.0-7.4,4-12 dKH,South America (Amazon/Orinoco),Safe,Pimelodus pictus,https://bubba751.github.io/Freshwater-Fish-HTML-Files-V3/Catfish Pictus.html,CA19
Catfish Polka Dot Fairy Cory,Peaceful,"2.5""",10 Gallon,Intricate uniform fine black polka-dots over tan base,"Omnivore. Sera San Color Flakes, Sera Vipachips, Hikari Frozen Brine, Hikari Frozen Bloodworms","Peaceful, small cory species. Good community fish. Plant-safe. Keep in groups.",75-85°F,7.0-7.4,3-10 dKH,South America (Amazon Basin),Safe,Corydoras habrosus,https://bubba751.github.io/Freshwater-Fish-HTML-Files-V3/Catfish Polka Dot Fairy Cory.html,CA20
Catfish Red Sailfin Cory,Peaceful,"2.5""",10 Gallon,Warm reddish coppery body with tall dorsal fin,"Omnivore. Sera San Color Flakes, Sera Vipachips, Hikari Frozen Brine, Hikari Frozen Bloodworms","Peaceful, attractive cory. Good community bottom dweller. Plant-safe. Keep in groups of 6 or more.",75-85°F,7.0-7.4,3-10 dKH,South America (Amazon Basin),Safe,Corydoras sp.,https://bubba751.github.io/Freshwater-Fish-HTML-Files-V3/Catfish Red Sailfin Cory.html,CA21
Catfish Skunk Cory,Peaceful,"2""",10 Gallon,Cream body with sharp black line running edge of spine,"Omnivore. Sera San Color Flakes, Sera Vipachips, Hikari Frozen Brine, Hikari Frozen Bloodworms",Peaceful cory species; social and community-friendly. Plant-safe. Keep in groups of 6 or more.,75-85°F,7.0-7.4,3-10 dKH,South America (Amazon Basin),Safe,Corydoras arcuatus,https://bubba751.github.io/Freshwater-Fish-HTML-Files-V3/Catfish Skunk Cory.html,CA22
Catfish Spotted Raphael,Peaceful,"6""",29 Gallon,Dark midnight brown body covered in white polka-dots,"Omnivore. Sera San Color Flakes, Sera Vipachips, Hikari Frozen Brine, Hikari Frozen Bloodworms","Nocturnal, peaceful catfish. Mostly hides during the day. Plant-safe; prefers dim, planted tanks.",75-85°F,7.0-7.4,4-15 dKH,South America (Amazon Basin),Safe,Agamyxis pectinifrons,https://bubba751.github.io/Freshwater-Fish-HTML-Files-V3/Catfish Spotted Raphael.html,CA23
Catfish Sterbai Cory,Peaceful,"2.6""",10 Gallon,Dark grey body with white speckles; bright orange pectoral fins,"Omnivore. Sera San Color Flakes, Sera Vipachips, Hikari Frozen Brine, Hikari Frozen Bloodworms","Popular, peaceful cory; great community fish. Tolerates higher temperatures, suitable for discus tanks. Plant-safe. Keep in groups of 6 or more.",75-85°F,7.0-7.4,3-10 dKH,South America (Amazon Basin),Safe,Corydoras sterbai,https://bubba751.github.io/Freshwater-Fish-HTML-Files-V3/Catfish Sterbai Cory.html,CA25
Catfish Striped Raphael,Peaceful,"8""",29 Gallon,Rigid dark brown body with bold white horizontal stripes,"Omnivore. Sera San Color Flakes, Sera Vipachips, Hikari Frozen Brine, Hikari Frozen Bloodworms","Peaceful, nocturnal catfish. May make clicking sounds. Plant-safe. Can reach 9 Inches or more.",75-85°F,7.0-7.4,4-15 dKH,South America (Amazon Basin),Safe,Platydoras armatulus,https://bubba751.github.io/Freshwater-Fish-HTML-Files-V3/Catfish Striped Raphael.html,CA24
Cichlid Acara Blue,Semi-aggressive,"6-7""",29 Gallon,Iridescent blue-green with flecking,"Omnivore. Frozen Bloodworms, Frozen Brine, Hikari Vibra Bites, Sera Flakes, Hikari Cichlid Pellets",Good starter cichlid for larger community tanks; may pair off; appreciates rock and driftwood structure,72-80°F,6.5-7.8,4-12 dKH,"Trinidad, Venezuela, Colombia",Mostly safe (may dig),Andinoacara pulcher,https://bubba751.github.io/Freshwater-Fish-HTML-Files-V3/Cichlid Acara Blue.html,9137792
Cichlid Acara Blue,Semi-aggressive,"6""",29 Gallon,Blue-green iridescent body with rows of shimmering turquoise spots; orange/red edging on dorsal and caudal fins,"Omnivore. Frozen Bloodworms, Frozen Brine, Hikari Vibra Bites, Sera Flakes, Hikari Cichlid Pellets","Blue Acaras are a hardy, adaptable, and relatively peaceful cichlid — a great ""gateway"" cichlid for hobbyists moving up from community tanks. They tolerate a wide pH/temperature range and are far more forgiving of water parameters than many other cichlids. Provide sand or fine gravel substrate (they like to sift), rockwork, and driftwood with some open swimming space. They'll dig moderately but are not typically destructive to well-anchored plants — Anubias, Java Fern, and Vallisneria all do well with them",68–82°F,6.5–8.0,4–18 dKH,"South America (Colombia, Venezuela, Trinidad)",Safe,Andinoacara pulcher,https://bubba751.github.io/Freshwater-Fish-HTML-Files-V3/Cichlid Acara Blue.html,9137792
Cichlid Apistogramma (Blue Pair),Peaceful; territorial when breeding,"2-3""",10 Gallon,"Blue iridescent body, red fin edging","Omnivore. Frozen Bloodworms, Frozen Brine, Hikari Vibra Bites, Sera Flakes, Hikari Cichlid Pellets",Soft/acidic water dwarf cichlid; keep as a pair or harem with caves; sensitive to hard water,78-84°F,5.5-6.8,1-5 dKH,Amazon basin (Brazil/Peru),Safe,"Apistogramma agassizii ""Blue""",https://bubba751.github.io/Freshwater-Fish-HTML-Files-V3/Cichlid Apistogramma (Blue Pair).html,CI01
Cichlid Apistogramma (Hong Sloi Pair),Peaceful,"3""",10 Gallon,Electric iridescent blue bodies with red/yellow fins,"Omnivore. Frozen Bloodworms, Frozen Brine, Hikari Vibra Bites, Sera Flakes, Hikari Cichlid Pellets",Dwarf cichlid; mild-mannered for a cichlid. Males territorial during breeding. Excellent in planted tanks — plants help break territory.,77-85°F,6.5-7.5,1-5 dKH,South America (Amazon Basin),Safe,Apistogramma agassizii / cacatuoides,https://bubba751.github.io/Freshwater-Fish-HTML-Files-V3/Cichlid Apistogramma (Hong Sloi Pair).html,CI02
Cichlid Apistogramma (Orange Flash Pair),Peaceful; territorial when breeding,"2-3""",10 Gallon,"Orange-yellow body, cockatoo-like dorsal fin","Omnivore. Frozen Bloodworms, Frozen Brine, Hikari Vibra Bites, Sera Flakes, Hikari Cichlid Pellets",Hardier than most Apistogramma; still prefers caves/cover and a harem grouping,76-84°F,5.5-7.5,2-10 dKH,"Amazon basin, Peru",Safe,"Apistogramma cacatuoides ""Orange Flash""",https://bubba751.github.io/Freshwater-Fish-HTML-Files-V3/Cichlid Apistogramma (Orange Flash Pair).html,CI03
Cichlid Apistogramma (Petras Pair),Peaceful; territorial when breeding,"2-3""",10 Gallon,Yellow body with blue facial highlights,"Omnivore. Frozen Bloodworms, Frozen Brine, Hikari Vibra Bites, Sera Flakes, Hikari Cichlid Pellets",Soft/acidic water dwarf cichlid; sensitive to water quality; keep with driftwood and leaf litter,78-84°F,5.5-6.8,1-5 dKH,Peru (Amazon basin),Safe,Apistogramma cf. petrayi,https://bubba751.github.io/Freshwater-Fish-HTML-Files-V3/Cichlid Apistogramma (Petras Pair).html,CI04
Cichlid Apistogramma (Red Double Pair),Peaceful; territorial when breeding,"2-3""",10 Gallon,Deep red body and fins,"Omnivore. Frozen Bloodworms, Frozen Brine, Hikari Vibra Bites, Sera Flakes, Hikari Cichlid Pellets",Soft/acidic water dwarf cichlid; keep as a pair or harem with caves and cover,78-84°F,5.5-6.8,1-5 dKH,"Amazon basin, Brazil/Peru",Safe,"Apistogramma agassizii ""Double Red""",https://bubba751.github.io/Freshwater-Fish-HTML-Files-V3/Cichlid Apistogramma (Red Double Pair).html,CI05
Cichlid Apistogramma (Red Fire Pair),Peaceful; territorial when breeding,"2-3""",10 Gallon,Vivid fiery red body,"Omnivore. Frozen Bloodworms, Frozen Brine, Hikari Vibra Bites, Sera Flakes, Hikari Cichlid Pellets",Soft/acidic water dwarf cichlid; keep as a pair or harem with caves and cover,78-84°F,5.5-6.8,1-5 dKH,"Amazon basin, Brazil/Peru",Safe,"Apistogramma agassizii ""Fire Red""",https://bubba751.github.io/Freshwater-Fish-HTML-Files-V3/Cichlid Apistogramma (Red Fire Pair).html,CI06
Cichlid Apistogramma (Red Super Pair),Peaceful; territorial when breeding,"2-3""",10 Gallon,Intense saturated red body,"Omnivore. Frozen Bloodworms, Frozen Brine, Hikari Vibra Bites, Sera Flakes, Hikari Cichlid Pellets",Soft/acidic water dwarf cichlid; premium color strain; keep as a pair or harem with caves,78-84°F,5.5-6.8,1-5 dKH,"Amazon basin, Brazil/Peru",Safe,"Apistogramma agassizii ""Super Red""",https://bubba751.github.io/Freshwater-Fish-HTML-Files-V3/Cichlid Apistogramma (Red Super Pair).html,CI07
Cichlid Arowana (Small),Aggressive/predatory as it matures,"24-36""+ (very large adult)",55 Gallon,Silver with iridescent scales,"Omnivore. Frozen Bloodworms, Frozen Brine, Hikari Vibra Bites, Sera Flakes, Hikari Cichlid Pellets",Grows extremely large; needs a tight-fitting lid (jumper) and eventually a very large tank; predatory diet,75-82°F,6.0-6.5,1-5 dKH,"Amazon basin, South America",Mostly safe (large adults may uproot),Osteoglossum bicirrhosum,https://bubba751.github.io/Freshwater-Fish-HTML-Files-V3/Cichlid Arowana (Small).html,CI08
Cichlid Arowana Jardini (Small),Aggressive/predatory as it matures,"24-30"" (large adult)",55 Gallon,Bronze/olive with pearlescent scale edges,"Omnivore. Frozen Bloodworms, Frozen Brine, Hikari Vibra Bites, Sera Flakes, Hikari Cichlid Pellets",Large predatory fish; needs secure lid and a big tank long-term; feed appropriately sized carnivorous diet,75-86°F,6.5-7.5,3-10 dKH,"Australia, New Guinea",Mostly safe (large adults may uproot),Scleropages jardinii,https://bubba751.github.io/Freshwater-Fish-HTML-Files-V3/Cichlid Arowana Jardini (Small).html,CI10
Cichlid Clown Knife,Aggressive,"36""",200 Gallon,Dusky silver-grey with a neat row of large black eye-spots,"Omnivore. Hikari Freeze Dried Krill, Kikari Frozen Krill, Sear Arowana Pellets, Hikari Food Sticks","Large, nocturnal predator growing to 3 feet or more. Will eat smaller fish. Needs 200 or more gallon tank. May uproot plants; robust plants like Java fern can be used.",77-82°F,6.8-7.6,4-10 dKH,Southeast Asia,Caution,Chitala ornata,https://bubba751.github.io/Freshwater-Fish-HTML-Files-V3/Cichlid Clown Knife.html,CI12
Cichlid Electric Blue Acara,Peaceful,"6""",29 Gallon,Brilliant glittering metallic powder blue with neon orange fin tips,"Omnivore. Frozen Bloodworms, Frozen Brine, Hikari Vibra Bites, Sera Flakes, Hikari Cichlid Pellets",Mild-mannered cichlid; one of the most community-friendly cichlids. Excellent in planted tanks. Peaceful with most similarly sized fish.,77-85°F,7.0-7.6,4-12 dKH,South America / Trinidad,Safe,Andinoacara pulcher,https://bubba751.github.io/Freshwater-Fish-HTML-Files-V3/Cichlid Electric Blue Acara.html,CI13
Cichlid Electric Blue Dempsey (Large),"Semi-aggressive to aggressive, territorial","8-10""",55 Gallon,Vivid electric blue overall,"Omnivore. Frozen Bloodworms, Frozen Brine, Hikari Vibra Bites, Sera Flakes, Hikari Cichlid Pellets",Territorial; best kept singly or as a bonded pair with rock caves and robust filtration,75-82°F,6.5-7.5,5-15 dKH,Captive-bred color morph (wild type from Central America),Not safe (digs/uproots),"Rocio octofasciata ""Electric Blue""",https://bubba751.github.io/Freshwater-Fish-HTML-Files-V3/Cichlid Electric Blue Dempsey (Large).html,CI16
Cichlid Electric Blue Dempsey (Small),"Semi-aggressive to aggressive, territorial","8-10"" at maturity",55 Gallon,Vivid electric blue overall,"Omnivore. Frozen Bloodworms, Frozen Brine, Hikari Vibra Bites, Sera Flakes, Hikari Cichlid Pellets",Juvenile form of a territorial cichlid; will need more space and rock caves as it grows,75-82°F,6.5-7.5,5-15 dKH,Captive-bred color morph (wild type from Central America),Not safe (digs/uproots),"Rocio octofasciata ""Electric Blue""",https://bubba751.github.io/Freshwater-Fish-HTML-Files-V3/Cichlid Electric Blue Dempsey (Small).html,CI14
Cichlid Festivum,Peaceful,"6""",29 Gallon,Silver-green with a bold black diagonal stripe from mouth to fin,"Omnivore. Frozen Bloodworms, Frozen Brine, Hikari Vibra Bites, Sera Flakes, Hikari Cichlid Pellets",Peaceful South American cichlid. Good community fish; pairs well with plants and peaceful tankmates.,77-85°F,7.0-7.6,3-8 dKH,South America (Amazon Basin),Safe,Mesonauta festivus,https://bubba751.github.io/Freshwater-Fish-HTML-Files-V3/Cichlid Festivum.html,CI17
Cichlid Fire Mouth,Semi-aggressive,"6""",29 Gallon,Slate grey body with a brilliant fiery red throat and chest,"Omnivore. Frozen Bloodworms, Frozen Brine, Hikari Vibra Bites, Sera Flakes, Hikari Cichlid Pellets",Territorial during breeding but generally peaceful otherwise. Pairs well with similarly sized fish. Plant-safe but may dig near roots.,77-85°F,7.0-7.6,5-12 dKH,Central America,Safe,Thorichthys meeki,https://bubba751.github.io/Freshwater-Fish-HTML-Files-V3/Cichlid Fire Mouth.html,CI18
Cichlid Green Terror,Aggressive,"8""",75 Gallon,Dark olive green with iridescent blue scales and bright orange tail border,"Omnivore. Frozen Bloodworms, Frozen Brine, Hikari Vibra Bites, Sera Flakes, Hikari Cichlid Pellets","Aggressive, territorial cichlid. Best kept with similarly large, robust fish. May uproot plants — use hardy, anchored species like Anubias or Java fern.",77-82°F,6.8-7.4,5-13 dKH,"South America (Ecuador, Peru)",Caution,Andinoacara rivulatus,https://bubba751.github.io/Freshwater-Fish-HTML-Files-V3/Cichlid Green Terror.html,CI21
Cichlid Jack Dempsey,Aggressive,"10""",55 Gallon,Dark purple-black body covered in bright iridescent blue/gold flecks,"Omnivore. Frozen Bloodworms, Frozen Brine, Hikari Vibra Bites, Sera Flakes, Hikari Cichlid Pellets",Highly territorial and aggressive cichlid. Needs large tank with robust tankmates. Will uproot plants; use Anubias or Java fern tied to decor.,77-82°F,6.8-7.4,5-12 dKH,Central America,Caution,Rocio octofasciata,https://bubba751.github.io/Freshwater-Fish-HTML-Files-V3/Cichlid Jack Dempsey.html,CI22
Cichlid Jewell Cichlid,Aggressive,"5""",40 Gallon,Blood red body heavily speckled with glowing turquoise dots,"Omnivore. Frozen Bloodworms, Frozen Brine, Hikari Vibra Bites, Sera Flakes, Hikari Cichlid Pellets","Highly aggressive, especially during breeding. Best kept with robust, same-size fish in a large tank. Will destroy delicate plants; use only tough species.",77-82°F,6.8-7.4,4-12 dKH,West Africa,Caution,Hemichromis bimaculatus,https://bubba751.github.io/Freshwater-Fish-HTML-Files-V3/Cichlid Jewell Cichlid.html,CI23
Cichlid Kribensis,Semi-aggressive,"4""",29 Gallon,Yellow-green flanks with a dramatic bright pink/purple belly patch,"Omnivore. Frozen Bloodworms, Frozen Brine, Hikari Vibra Bites, Sera Flakes, Hikari Cichlid Pellets",Dwarf West African cichlid; peaceful outside of breeding. Good in planted tanks. Plants help reduce breeding aggression.,77-85°F,7.0-7.6,4-10 dKH,West Africa (Nigeria),Safe,Pelvicachromis pulcher,https://bubba751.github.io/Freshwater-Fish-HTML-Files-V3/Cichlid Kribensis.html,CI25
Cichlid Mbuna (Large),"Aggressive, highly territorial","4-6"" (species dependent)",29 Gallon,Varies; often vivid blue/yellow/striped,"Omnivore. Frozen Bloodworms, Frozen Brine, Hikari Vibra Bites, Sera Flakes, Hikari Cichlid Pellets","Keep in large groups with heavy rockwork to diffuse aggression; requires hard, alkaline water and a mostly herbivorous diet",76-82°F,7.8-8.6,10-20 dKH,"Lake Malawi, East Africa","Not safe (herbivorous, eats plants)","Various (Pseudotropheus, Labidochromis, Melanochromis spp.)",https://bubba751.github.io/Freshwater-Fish-HTML-Files-V3/Cichlid Mbuna (Large).html,CI28
Cichlid Mbuna (Medium),Aggressive,"5""",55 Gallon,"Assorted vibrant blue, yellow, or striped patterns","Omnivore. Frozen Bloodworms, Frozen Brine, Hikari Vibra Bites, Sera Flakes, Hikari Cichlid Pellets",African Lake Malawi cichlid; highly aggressive and territorial. Will eat most aquatic plants — use only plastic plants or very tough Anubias.,77-84°F,7.8-8.6,10-18 dKH,Africa (Lake Malawi),Unsafe,Pseudotropheus / Maylandia sp.,https://bubba751.github.io/Freshwater-Fish-HTML-Files-V3/Cichlid Mbuna (Medium).html,CI27
Cichlid Oscar,Aggressive,"12""",75 Gallon,Dark charcoal body with orange-red marbled patterns,"Omnivore. Frozen Bloodworms, Frozen Brine, Hikari Vibra Bites, Sera Flakes, Hikari Cichlid Pellets","Large, aggressive cichlid growing to 12 inches or more. Digs up plants constantly; live plants generally cannot survive. Use plastic plants or attach Anubias/Java fern to rocks.",77-82°F,6.8-7.4,3-10 dKH,South America (Amazon Basin),Unsafe,Astronotus ocellatus,https://bubba751.github.io/Freshwater-Fish-HTML-Files-V3/Cichlid Oscar.html,CI29
Cichlid Oscar Albino,Aggressive,"12""",75 Gallon,Creamy white body with bright orange-red flame marbling,"Omnivore. Frozen Bloodworms, Frozen Brine, Hikari Vibra Bites, Sera Flakes, Hikari Cichlid Pellets",Albino Oscar — same destructive and aggressive behavior as standard Oscar. Grows to 12 inches or more. Avoid live plants; use plastic or silk alternatives.,77-82°F,6.8-7.4,3-10 dKH,South America (Amazon Basin),Unsafe,Astronotus ocellatus,https://bubba751.github.io/Freshwater-Fish-HTML-Files-V3/Cichlid Oscar Albino.html,CI30
Cichlid Oscar Red,Aggressive,"12""",75 Gallon,Solid red-orange body with dark charcoal head and fins,"Omnivore. Frozen Bloodworms, Frozen Brine, Hikari Vibra Bites, Sera Flakes, Hikari Cichlid Pellets",Red Oscar variant; same temperament and plant-destroying behavior. Grows to 12 inches or more. Use plastic or silk plants only.,77-82°F,6.8-7.4,3-10 dKH,South America (Amazon Basin),Unsafe,Astronotus ocellatus,https://bubba751.github.io/Freshwater-Fish-HTML-Files-V3/Cichlid Oscar Red.html,CI31
Cichlid Oscar Tiger,Aggressive,"12""",75 Gallon,Classic dark grey with distinctive orange tiger striping,"Omnivore. Frozen Bloodworms, Frozen Brine, Hikari Vibra Bites, Sera Flakes, Hikari Cichlid Pellets",Tiger Oscar variant; same aggressive and plant-uprooting behavior. Grows to 12 inches or more. Use plastic or silk plants only.,77-82°F,6.8-7.4,3-10 dKH,South America (Amazon Basin),Unsafe,Astronotus ocellatus,https://bubba751.github.io/Freshwater-Fish-HTML-Files-V3/Cichlid Oscar Tiger.html,CI32
Cichlid Parrot Blood,Semi-aggressive,"8""",40 Gallon,Solid uniform hot orange-red body; rounded shape,"Omnivore. Frozen Bloodworms, Frozen Brine, Hikari Vibra Bites, Sera Flakes, Hikari Cichlid Pellets","Large Blood Parrot cichlid hybrid; semi-aggressive. May dig at plant roots — use hardy, well-anchored plants like Anubias or Java fern.",77-82°F,6.8-7.4,4-10 dKH,Captive Hybrid,Caution,Cichlasoma sp. x Amphilophus sp. (Hybrid),https://bubba751.github.io/Freshwater-Fish-HTML-Files-V3/Cichlid Parrot Blood.html,CI33
Cichlid Parrot Blood (Large),Semi-aggressive; generally mild for a cichlid,"7-8""",55 Gallon,"Vivid orange-red (""blood red"")","Omnivore. Frozen Bloodworms, Frozen Brine, Hikari Vibra Bites, Sera Flakes, Hikari Cichlid Pellets",Hybrid with a naturally small/deformed mouth; may need smaller food; generally hardy and personable,76-80°F,6.5-7.4,4-12 dKH,"Captive-bred hybrid, no wild origin",Mostly safe,Hybrid cichlid (parentage debated),https://bubba751.github.io/Freshwater-Fish-HTML-Files-V3/Cichlid Parrot Blood (Large).html,CI36
Cichlid Parrot Blood (Small),Semi-aggressive; generally mild for a cichlid,"7-8"" at maturity",55 Gallon,"Vivid orange-red (""blood red"")","Omnivore. Frozen Bloodworms, Frozen Brine, Hikari Vibra Bites, Sera Flakes, Hikari Cichlid Pellets",Juvenile of a hybrid cichlid with a naturally small mouth; feed appropriately sized food,76-80°F,6.5-7.4,4-12 dKH,"Captive-bred hybrid, no wild origin",Mostly safe,Hybrid cichlid (parentage debated),https://bubba751.github.io/Freshwater-Fish-HTML-Files-V3/Cichlid Parrot Blood (Small).html,CI35
Cichlid Parrot Snow Polar,Semi-aggressive,"4""",40 Gallon,Cream white base with bright blue zebra stripes,"Omnivore. Frozen Bloodworms, Frozen Brine, Hikari Vibra Bites, Sera Flakes, Hikari Cichlid Pellets",White variant of Parrot cichlid hybrid; same semi-aggressive temperament. May dig at plant roots; use hardy plants.,77-82°F,6.8-7.4,4-10 dKH,Captive Hybrid,Caution,Cichlasoma sp. x Amphilophus sp. (Hybrid),https://bubba751.github.io/Freshwater-Fish-HTML-Files-V3/Cichlid Parrot Snow Polar.html,CI37
Cichlid Pea Puffer Figure 8,Aggressive,"3""",15 Gallon,Dark olive green back with golden yellow figure-8 swirls,"Omnivore. Frozen Bloodworms, Frozen Brine, Sera Flakes, Hikari Vita Bites, Sera Flakes","Feisty, territorial small puffer. May nip fins; best in species tank or with fast-moving tankmates. Will not eat plants.",77-82°F,6.8-7.4,10-18 dKH,Southeast Asia (Brackish),Safe,Tetraodon biocellatus,https://bubba751.github.io/Freshwater-Fish-HTML-Files-V3/Cichlid Pea Puffer Figure 8.html,CI38
Cichlid Pea Puffer Spotted,Aggressive,"1""",10 Gallon,Tiny pea-green body with dark iridescent spots,"Omnivore. Frozen Bloodworms, Frozen Brine, Sera Flakes, Hikari Vita Bites, Sera Flakes",Tiny but feisty puffer; curious and nippy. Best in species tank or nano setup with caution. Will not eat plants.,77-82°F,6.8-7.4,4-10 dKH,India (Western Ghats),Safe,Carannotetraodon travancoricus,https://bubba751.github.io/Freshwater-Fish-HTML-Files-V3/Cichlid Pea Puffer Spotted.html,CI39
Cichlid Peacock,Semi-aggressive,"6""",55 Gallon,"Assorted brilliant iridescent blues, reds, and yellows","Omnivore. Frozen Bloodworms, Frozen Brine, Hikari Vibra Bites, Sera Flakes, Hikari Cichlid Pellets",African Peacock cichlid (Lake Malawi). Semi-aggressive; will eat plants. Use robust decor; avoid live plants or use only tough Anubias.,77-84°F,7.8-8.6,10-18 dKH,Africa (Lake Malawi),Unsafe,Aulonocara sp.,https://bubba751.github.io/Freshwater-Fish-HTML-Files-V3/Cichlid Peacock.html,CI40
Cichlid Pink Convict,Aggressive,"5""",29 Gallon,Solid pinkish-flesh color; female has orange belly,"Omnivore. Frozen Bloodworms, Frozen Brine, Hikari Vibra Bites, Sera Flakes, Hikari Cichlid Pellets","Highly aggressive, especially breeding pairs. Hardy and tough. Will dig; use robust rooted plants or avoid live plants.",77-85°F,7.0-7.6,6-15 dKH,Central America,Caution,Amatitlania nigrofasciata,https://bubba751.github.io/Freshwater-Fish-HTML-Files-V3/Cichlid Pink Convict.html,CI41
Cichlid Rainbow (Turquoise),"Peaceful, active schooling","4-4.5""",29 Gallon,Turquoise-blue body,"Omnivore. Frozen Bloodworms, Frozen Brine, Hikari Vibra Bites, Sera Flakes, Hikari Cichlid Pellets",Keep in schools of 6+; active swimmer needing open space; good peaceful community fish,75-82°F,7.0-8.0,8-15 dKH,"Lake Kutubu, Papua New Guinea",Safe,Melanotaenia lacustris,https://bubba751.github.io/Freshwater-Fish-HTML-Files-V3/Cichlid Rainbow (Turquoise).html,CI47
Cichlid Red Devil,Aggressive,"12""",55 Gallon,Solid bright orange-red or white/orange patch color,"Omnivore. Frozen Bloodworms, Frozen Brine, Hikari Vibra Bites, Sera Flakes, Hikari Cichlid Pellets","Very aggressive, large cichlid growing to 12 inches or more. Will destroy plants and attack most tankmates. Best kept alone or with equally aggressive species.",77-82°F,6.8-7.4,6-15 dKH,Central America (Nicaragua),Unsafe,Amphilophus labiatus,https://bubba751.github.io/Freshwater-Fish-HTML-Files-V3/Cichlid Red Devil.html,CI48
Cichlid Red Head,Semi-aggressive,"10""",40 Gallon,Silver-green body with a brilliant red forehead patch,"Omnivore. Frozen Bloodworms, Frozen Brine, Hikari Vibra Bites, Sera Flakes, Hikari Cichlid Pellets","Red Head cichlid (Geophagus type); generally less aggressive than other large cichlids but may dig. Use robust, rooted plants.",77-82°F,6.8-7.4,4-10 dKH,South America (Colombia),Caution,Geophagus steindachneri,https://bubba751.github.io/Freshwater-Fish-HTML-Files-V3/Cichlid Red Head.html,CI49
Cichlid Red Terror,Aggressive,"15""",75 Gallon,Golden-green with bold black bars and fiery red accents,"Omnivore. Frozen Bloodworms, Frozen Brine, Hikari Vibra Bites, Sera Flakes, Hikari Cichlid Pellets","Highly aggressive, large Central American cichlid growing to 12 inches or more. Will uproot and destroy plants. Best in species or aggressive-only tanks.",77-82°F,6.8-7.4,5-15 dKH,South America (Ecuador/Peru),Unsafe,Mesoheros festae,https://bubba751.github.io/Freshwater-Fish-HTML-Files-V3/Cichlid Red Terror.html,CI50
Cichlid Rocket Gar,Aggressive,"12""",55 Gallon,Slender silver body with dark spot at base of tail,"Carnivore/Predator. Frozen Bloodworms, Frozen Brine, Hikari Vibra Bites","Predatory, elongated fish. Will eat smaller fish. May disturb plants but not a dedicated plant-eater. Needs large tank.",77-84°F,6.8-7.4,4-12 dKH,South America (Colombia/Venezuela),Caution,Ctenolucius hujeta,https://bubba751.github.io/Freshwater-Fish-HTML-Files-V3/Cichlid Rocket Gar.html,CI51
Cichlid Severum Gold,Semi-aggressive,"8""",55 Gallon,Bright neon yellow-gold overall with red freckles,"Omnivore. Frozen Bloodworms, Frozen Brine, Hikari Vibra Bites, Sera Flakes, Hikari Cichlid Pellets",Mild-mannered large cichlid. May nibble soft plants; use hardy species. Generally peaceful with similarly sized fish.,77-82°F,6.8-7.4,3-8 dKH,South America (Amazon Basin),Caution,Heros efasciatus,https://bubba751.github.io/Freshwater-Fish-HTML-Files-V3/Cichlid Severum Gold.html,CI19
Cichlid Severum Gold Red Spotted,Semi-aggressive; generally peaceful for a cichlid,"8-10""",55 Gallon,Gold body with red speckling,"Omnivore. Frozen Bloodworms, Frozen Brine, Hikari Vibra Bites, Sera Flakes, Hikari Cichlid Pellets",Large peaceful cichlid for bigger tanks; omnivorous; appreciates driftwood and planting,76-84°F,6.0-7.5,2-12 dKH,"Amazon basin, South America",Mostly safe (may nibble soft plants),"Heros efasciatus ""Gold""",https://bubba751.github.io/Freshwater-Fish-HTML-Files-V3/Cichlid Severum Gold Red Spotted.html,763175H
Cichlid Severum Green,Semi-aggressive,"8""",55 Gallon,Olive green body with vertical dark bars and red eyes,"Omnivore. Frozen Bloodworms, Frozen Brine, Hikari Vibra Bites, Sera Flakes, Hikari Cichlid Pellets",Mild-mannered large cichlid. May nibble soft plants; use hardy species like Java fern or Anubias. Generally peaceful with similarly sized fish.,77-82°F,6.8-7.4,3-8 dKH,South America (Amazon Basin),Caution,Heros efasciatus,https://bubba751.github.io/Freshwater-Fish-HTML-Files-V3/Cichlid Severum Green.html,CI20
Cichlid Severum Spotted Gold,Semi-aggressive; generally peaceful for a cichlid,"8-10""",55 Gallon,Gold body with scattered dark speckling,"Omnivore. Frozen Bloodworms, Frozen Brine, Hikari Vibra Bites, Sera Flakes, Hikari Cichlid Pellets",Large peaceful cichlid for bigger tanks; omnivorous; appreciates driftwood and planting,76-84°F,6.0-7.5,2-12 dKH,"Amazon basin, South America",Mostly safe (may nibble soft plants),"Heros efasciatus ""Gold""",https://bubba751.github.io/Freshwater-Fish-HTML-Files-V3/Cichlid Severum Spotted Gold.html,D319476
Cichlid Texas,Aggressive,"12""",55 Gallon,Grey-green body entirely covered in glittering pearl-blue spots,"Omnivore. Frozen Bloodworms, Frozen Brine, Hikari Vibra Bites, Sera Flakes, Hikari Cichlid Pellets","Aggressive, large Texas cichlid growing to 12 inches or more. Will uproot plants and attack tankmates. Avoid live plants entirely.",77-82°F,6.8-7.4,8-15 dKH,North/Central America (Texas/Mexico),Unsafe,Herichthys cyanoguttatus,https://bubba751.github.io/Freshwater-Fish-HTML-Files-V3/Cichlid Texas.html,CI53
Danio Celestial Pearl,Peaceful,"1""",5 Gallon,Deep midnight blue body with bright gold spots and red fins,"Omnivore. Hikari Vibra Bites,, Hikari Betta Food, Hikari Frozen Bloodworms, Hikari Frozen Brine","Tiny, peaceful nano fish (Galaxy Rasbora). Excellent for planted nano tanks; will not harm plants. Keep in groups of 6 or more.",76-82°F,6.5-7.5,4-10 dKH,"South Asia (India, Myanmar)",Safe,Celestichthys margarita,https://bubba751.github.io/Freshwater-Fish-HTML-Files-V3/Danio Celestial Pearl.html,DA01
Danio Glo,Peaceful,"2""",5 Gallon,"Fluorescent neon green, orange, yellow, or pink stripes","Omnivore. Hikari Vibra Bites,, Hikari Betta Food, Hikari Frozen Bloodworms, Hikari Frozen Brine","GloFish danio; same peaceful, active temperament as Zebra Danio. Plant-safe; keep in schools of 6 or more.",76-82°F,6.5-7.5,4-12 dKH,"South Asia (India, Myanmar)",Safe,Danio rerio,https://bubba751.github.io/Freshwater-Fish-HTML-Files-V3/Danio Glo.html,DA03
Danio Spring Glowlight,Peaceful,"1.5""",5 Gallon,Translucent body with a glowing orange-red spine line,"Omnivore. Hikari Vibra Bites,, Hikari Betta Food, Hikari Frozen Bloodworms, Hikari Frozen Brine",Peaceful schooling danio. Plant-safe and great for community tanks. Keep in schools of 6 or more.,76-82°F,6.5-7.5,4-12 dKH,"South Asia (India, Myanmar)",Safe,Danio rerio,https://bubba751.github.io/Freshwater-Fish-HTML-Files-V3/Danio Spring Glowlight.html,DA04
Danio Zebra,Peaceful,"2""",5 Gallon,Silver-gold body with horizontal navy blue zebra stripes,"Omnivore. Hikari Vibra Bites,, Hikari Betta Food, Hikari Frozen Bloodworms, Hikari Frozen Brine","Hardy, active, peaceful schooling fish. Great beginner fish. Plant-safe. Keep in schools of 6 or more.",76-82°F,6.5-7.5,4-12 dKH,"South Asia (India, Myanmar)",Safe,Danio rerio,https://bubba751.github.io/Freshwater-Fish-HTML-Files-V3/Danio Zebra.html,DA06
Discus Checkerboard (Large),Semi-aggressive,"6""",55 Gallon,White base with an intricate grid pattern of red lines,"Omnivore. Frozen Blood Heart, Hikari Frozen Bloodworms, Sera Discus Granules, VibraBites",Discus are sensitive and need pristine water. Generally peaceful but may be territorial toward same species. Excellent in planted tanks; plants help with water quality.,82-90°F,6.5-7.0,1-4 dKH,South America (Amazon Basin),Safe,Symphysodon discus,https://bubba751.github.io/Freshwater-Fish-HTML-Files-V3/Discus Checkerboard (Large).html,DI05
Discus Checkerboard (Medium),Semi-aggressive,"4""",29 Gallon,White base with an intricate grid pattern of red lines,"Omnivore. Frozen Blood Heart, Hikari Frozen Bloodworms, Sera Discus Granules, VibraBites",Discus are sensitive and need pristine water. Generally peaceful but may be territorial toward same species. Excellent in planted tanks; plants help with water quality.,82-90°F,6.5-7.0,1-4 dKH,South America (Amazon Basin),Safe,Symphysodon discus,https://bubba751.github.io/Freshwater-Fish-HTML-Files-V3/Discus Checkerboard (Medium).html,DI04
Discus Cobalt (Medium),"Peaceful, semi-shy","6-8""",29 Gallon,Solid vivid blue,"Omnivore. Frozen Blood Heart, Hikari Frozen Bloodworms, Sera Discus Granules, VibraBites","Needs pristine, warm, soft water; sensitive to water quality; keep in groups of 6+ in a tall tank",82-86°F,6.0-7.0,1-8 dKH,"Amazon basin, South America",Safe,"Symphysodon aequifasciatus ""Cobalt""",https://bubba751.github.io/Freshwater-Fish-HTML-Files-V3/Discus Cobalt (Medium).html,DI06
Discus Cover Red (Large),Semi-aggressive,"6""",55 Gallon,Saturated bright blood red solid body coverage,"Omnivore. Frozen Blood Heart, Hikari Frozen Bloodworms, Sera Discus Granules, VibraBites",Red discus variant; peaceful but somewhat territorial toward own species. Needs pristine water. Planted tanks ideal.,82-90°F,6.5-7.0,1-4 dKH,South America (Amazon Basin),Safe,Symphysodon discus,https://bubba751.github.io/Freshwater-Fish-HTML-Files-V3/Discus Cover Red (Large).html,DI09
Discus Cover Red (Medium),Semi-aggressive,"4""",29 Gallon,Saturated bright blood red solid body coverage,"Omnivore. Frozen Blood Heart, Hikari Frozen Bloodworms, Sera Discus Granules, VibraBites",Red discus variant; peaceful but somewhat territorial toward own species. Needs pristine water. Planted tanks ideal.,82-90°F,6.5-7.0,1-4 dKH,South America (Amazon Basin),Safe,Symphysodon discus,https://bubba751.github.io/Freshwater-Fish-HTML-Files-V3/Discus Cover Red (Medium).html,DI08
Discus Diamond Blue (Large),Semi-aggressive,"6""",55 Gallon,Brilliant solid high-sheen solid sky blue,"Omnivore. Frozen Blood Heart, Hikari Frozen Bloodworms, Sera Discus Granules, VibraBites",Diamond discus; same care requirements. Planted tanks beneficial. Sensitive to water quality.,82-90°F,6.5-7.0,1-4 dKH,South America (Amazon Basin),Safe,Symphysodon discus,https://bubba751.github.io/Freshwater-Fish-HTML-Files-V3/Discus Diamond Blue (Large).html,DI11
Discus Diamond Blue (Medium),Semi-aggressive,"4""",29 Gallon,Brilliant solid high-sheen solid sky blue,"Omnivore. Frozen Blood Heart, Hikari Frozen Bloodworms, Sera Discus Granules, VibraBites",Diamond discus; same care requirements. Planted tanks beneficial. Sensitive to water quality.,82-90°F,6.5-7.0,1-4 dKH,South America (Amazon Basin),Safe,Symphysodon discus,https://bubba751.github.io/Freshwater-Fish-HTML-Files-V3/Discus Diamond Blue (Medium).html,DI10
Discus Golden Phoenix (Large),Semi-aggressive,"6""",55 Gallon,Solid clear canary yellow-gold with pristine white halo,"Omnivore. Frozen Blood Heart, Hikari Frozen Bloodworms, Sera Discus Granules, VibraBites",Golden Phoenix discus variant; same temperament and care requirements. Pristine water essential. Planted tanks ideal.,82-90°F,6.5-7.0,1-4 dKH,South America (Amazon Basin),Safe,Symphysodon discus,https://bubba751.github.io/Freshwater-Fish-HTML-Files-V3/Discus Golden Phoenix (Large).html,DI13
Discus Golden Phoenix (Medium),Semi-aggressive,"4""",29 Gallon,Solid clear canary yellow-gold with pristine white halo,"Omnivore. Frozen Blood Heart, Hikari Frozen Bloodworms, Sera Discus Granules, VibraBites",Golden Phoenix discus variant; same temperament and care requirements. Pristine water essential. Planted tanks ideal.,82-90°F,6.5-7.0,1-4 dKH,South America (Amazon Basin),Safe,Symphysodon discus,https://bubba751.github.io/Freshwater-Fish-HTML-Files-V3/Discus Golden Phoenix (Medium).html,DI12
Discus Leopard (Large),Semi-aggressive,"6""",55 Gallon,Light blue base covered in fine red leopard polka-dots,"Omnivore. Frozen Blood Heart, Hikari Frozen Bloodworms, Sera Discus Granules, VibraBites","Leopard discus; same care and behavior as standard discus. Pristine, warm, soft water required. Excellent in planted tanks.",82-90°F,6.5-7.0,1-4 dKH,South America (Amazon Basin),Safe,Symphysodon discus,https://bubba751.github.io/Freshwater-Fish-HTML-Files-V3/Discus Leopard (Large).html,DI15
Discus Leopard (Medium),Semi-aggressive,"4""",29 Gallon,Light blue base covered in fine red leopard polka-dots,"Omnivore. Frozen Blood Heart, Hikari Frozen Bloodworms, Sera Discus Granules, VibraBites","Leopard discus; same care and behavior as standard discus. Pristine, warm, soft water required. Excellent in planted tanks.",82-90°F,6.5-7.0,1-4 dKH,South America (Amazon Basin),Safe,Symphysodon discus,https://bubba751.github.io/Freshwater-Fish-HTML-Files-V3/Discus Leopard (Medium).html,DI14
Discus Melon Red (Large),Semi-aggressive,"6""",55 Gallon,Solid brilliant sunset orange-red with a white face,"Omnivore. Frozen Blood Heart, Hikari Frozen Bloodworms, Sera Discus Granules, VibraBites",Melon Red discus variant; same peaceful but territorial temperament. Pristine water essential. Planted tanks ideal.,82-90°F,6.5-7.0,1-4 dKH,South America (Amazon Basin),Safe,Symphysodon discus,https://bubba751.github.io/Freshwater-Fish-HTML-Files-V3/Discus Melon Red (Large).html,DI17
Discus Melon Red (Medium),Semi-aggressive,"4""",29 Gallon,Solid brilliant sunset orange-red with a white face,"Omnivore. Frozen Blood Heart, Hikari Frozen Bloodworms, Sera Discus Granules, VibraBites",Melon Red discus variant; same peaceful but territorial temperament. Pristine water essential. Planted tanks ideal.,82-90°F,6.5-7.0,1-4 dKH,South America (Amazon Basin),Safe,Symphysodon discus,https://bubba751.github.io/Freshwater-Fish-HTML-Files-V3/Discus Melon Red (Medium).html,DI16
Discus Melon Yellow (Large),Semi-aggressive,"6""",55 Gallon,Solid un-barred bright pastel lemon yellow,"Omnivore. Frozen Blood Heart, Hikari Frozen Bloodworms, Sera Discus Granules, VibraBites",Melon Yellow discus; same care requirements as all discus. Sensitive to water quality. Excellent in planted tanks.,82-90°F,6.5-7.0,1-4 dKH,South America (Amazon Basin),Safe,Symphysodon discus,https://bubba751.github.io/Freshwater-Fish-HTML-Files-V3/Discus Melon Yellow (Large).html,DI19
Discus Melon Yellow (Medium),Semi-aggressive,"4""",29 Gallon,Solid un-barred bright pastel lemon yellow,"Omnivore. Frozen Blood Heart, Hikari Frozen Bloodworms, Sera Discus Granules, VibraBites",Melon Yellow discus; same care requirements as all discus. Sensitive to water quality. Excellent in planted tanks.,82-90°F,6.5-7.0,1-4 dKH,South America (Amazon Basin),Safe,Symphysodon discus,https://bubba751.github.io/Freshwater-Fish-HTML-Files-V3/Discus Melon Yellow (Medium).html,DI18
Discus Snakeskin Red (Large),Semi-aggressive,"6""",55 Gallon,Intricate labyrinth blue lines over a deep solid red base,"Omnivore. Frozen Blood Heart, Hikari Frozen Bloodworms, Sera Discus Granules, VibraBites","Snakeskin discus pattern; same temperament and planted-tank suitability. Pristine, warm water essential.",82-90°F,6.5-7.0,1-4 dKH,South America (Amazon Basin),Safe,Symphysodon discus,https://bubba751.github.io/Freshwater-Fish-HTML-Files-V3/Discus Snakeskin Red (Large).html,DI21
Discus Snakeskin Red (Medium),Semi-aggressive,"4""",29 Gallon,Intricate labyrinth blue lines over a deep solid red base,"Omnivore. Frozen Blood Heart, Hikari Frozen Bloodworms, Sera Discus Granules, VibraBites","Snakeskin discus pattern; same temperament and planted-tank suitability. Pristine, warm water essential.",82-90°F,6.5-7.0,1-4 dKH,South America (Amazon Basin),Safe,Symphysodon discus,https://bubba751.github.io/Freshwater-Fish-HTML-Files-V3/Discus Snakeskin Red (Medium).html,DI20
Discus Tiger Yellow (Large),Semi-aggressive,"6""",55 Gallon,Bright yellow base highlighted with vertical red tiger bands,"Omnivore. Frozen Blood Heart, Hikari Frozen Bloodworms, Sera Discus Granules, VibraBites",Tiger Yellow discus; same care requirements as all discus. Sensitive and needs pristine water. Excellent in planted tanks.,82-90°F,6.5-7.0,1-4 dKH,South America (Amazon Basin),Safe,Symphysodon discus,https://bubba751.github.io/Freshwater-Fish-HTML-Files-V3/Discus Tiger Yellow (Large).html,DI23
Discus Tiger Yellow (Medium),Semi-aggressive,"4""",29 Gallon,Bright yellow base highlighted with vertical red tiger bands,"Omnivore. Frozen Blood Heart, Hikari Frozen Bloodworms, Sera Discus Granules, VibraBites",Tiger Yellow discus; same care requirements as all discus. Sensitive and needs pristine water. Excellent in planted tanks.,82-90°F,6.5-7.0,1-4 dKH,South America (Amazon Basin),Safe,Symphysodon discus,https://bubba751.github.io/Freshwater-Fish-HTML-Files-V3/Discus Tiger Yellow (Medium).html,DI22
Eel Fire Eel (Large),Semi-aggressive,"36""",100 Gallon,Dark charcoal body with brilliant fire-red stripes/spots,"Carnivore. Hikari Frozen bloodworms, Frozen Mysis Shrimp","Large, predatory eel growing to 40""; will eat small fish and shrimp. Peaceful with similarly sized fish. May burrow and disturb plant roots; use well-anchored hardy plants.",77-82°F,6.5-7.5,5-12 dKH,Southeast Asia,Caution,Mastacembelus erythrotaenia,https://bubba751.github.io/Freshwater-Fish-HTML-Files-V3/Eel Fire Eel (Large).html,EL02
Eel Fire Eel (Small),Semi-aggressive,"6""",29 Gallon,Dark charcoal body with brilliant fire-red stripes/spots,"Carnivore. Hikari Frozen bloodworms, Frozen Mysis Shrimp","Large, predatory eel growing to 40""; will eat small fish and shrimp. Peaceful with similarly sized fish. May burrow and disturb plant roots; use well-anchored hardy plants.",77-82°F,6.5-7.5,5-12 dKH,Southeast Asia,Caution,Mastacembelus erythrotaenia,https://bubba751.github.io/Freshwater-Fish-HTML-Files-V3/Eel Fire Eel (Small).html,EL01
Eel Peacock Eel (Small),Peaceful; may eat very small fish,"10-12""",55 Gallon,Brown/olive with eyespot pattern along body,"Carnivore. Hikari Frozen bloodworms, Frozen Mysis Shrimp",Nocturnal burrower; needs soft sand substrate; hides by day; may eat very small fish/shrimp,75-82°F,6.0-7.5,2-10 dKH,Southeast Asia,Safe,Macrognathus siamensis,https://bubba751.github.io/Freshwater-Fish-HTML-Files-V3/Eel Peacock Eel (Small).html,EL03
Eel Ropefish (Large),Peaceful,"12""",55 Gallon,Long reed-like olive green body; yellowish belly,"Carnivore. Hikari Frozen bloodworms, Frozen Mysis Shrimp",Ropefish are peaceful with fish too large to eat. Not plant-eaters. Nocturnal and needs a tight-fitting lid as it is an escape artist.,77-82°F,6.5-7.5,4-12 dKH,West Africa,Safe,Erpetoichthys calabaricus,https://bubba751.github.io/Freshwater-Fish-HTML-Files-V3/Eel Ropefish (Large).html,EL06
Eel Ropefish (Small),Peaceful,"6""",29 Gallon,Long reed-like olive green body; yellowish belly,"Carnivore. Hikari Frozen bloodworms, Frozen Mysis Shrimp",Ropefish are peaceful with fish too large to eat. Not plant-eaters. Nocturnal and needs a tight-fitting lid as it is an escape artist.,77-82°F,6.5-7.5,4-12 dKH,West Africa,Safe,Erpetoichthys calabaricus,https://bubba751.github.io/Freshwater-Fish-HTML-Files-V3/Eel Ropefish (Small).html,EL05
Eel Tire Track Eel,Semi-aggressive,"30""",29 Gallon,Light tan body covered in a heavy dark maze/tire track pattern,"Carnivore. Hikari Frozen bloodworms, Frozen Mysis Shrimp","Predatory eel; eats small fish. Burrower — may uproot plants. Use robust, anchored plants. Grows to 24 Inches or more.",77-82°F,6.5-7.5,5-15 dKH,Southeast Asia / India,Caution,Mastacembelus armatus,https://bubba751.github.io/Freshwater-Fish-HTML-Files-V3/Eel Tire Track Eel.html,EL07
Eel Tire Track Eel (Small),"Semi-aggressive, predatory","24-36"" (large adult)",55 Gallon,Tan/brown with dark tire-track pattern,"Carnivore. Hikari Frozen bloodworms, Frozen Mysis Shrimp","Grows very large; needs a big tank long-term; sand substrate; predatory, will eat small fish",75-86°F,6.0-7.5,2-12 dKH,South and Southeast Asia,Safe,Mastacembelus armatus,https://bubba751.github.io/Freshwater-Fish-HTML-Files-V3/Eel Tire Track Eel (Small).html,EL07
Eel Yellowtail (Large),Semi-aggressive,"6""",29 Gallon,Dark grey slender body accented by bright yellow tail fin,"Carnivore. Hikari Frozen bloodworms, Frozen Mysis Shrimp","Semi-aggressive, predatory eel. Plant-disturbing burrower; use hardy rooted plants.",77-82°F,6.5-7.5,5-12 dKH,South Asia,Caution,Macrognathus pancalus,https://bubba751.github.io/Freshwater-Fish-HTML-Files-V3/Eel Yellowtail (Large).html,EL10
Eel Yellowtail (Small),Semi-aggressive,"4""",29 Gallon,Dark grey slender body accented by bright yellow tail fin,"Carnivore. Hikari Frozen bloodworms, Frozen Mysis Shrimp","Semi-aggressive, predatory eel. Plant-disturbing burrower; use hardy rooted plants.",77-82°F,6.5-7.5,5-12 dKH,South Asia,Caution,Macrognathus pancalus,https://bubba751.github.io/Freshwater-Fish-HTML-Files-V3/Eel Yellowtail (Small).html,7966059
Eel Zebra (Extra Large),Semi-aggressive,"48""",200 Gallon,Dark body with thin vertical cream zebra lines,"Carnivore. Hikari Frozen bloodworms, Frozen Mysis Shrimp",Burrowing eel; predatory toward small fish. May disturb plants — use well-anchored species.,77-82°F,6.5-7.5,5-12 dKH,Myanmar,Caution,Mastacembelus zebrinus,https://bubba751.github.io/Freshwater-Fish-HTML-Files-V3/Eel Zebra (Extra Large).html,EL16
Eel Zebra (Large),Semi-aggressive,"36""",150 Gallon,Dark body with thin vertical cream zebra lines,"Carnivore. Hikari Frozen bloodworms, Frozen Mysis Shrimp",Burrowing eel; predatory toward small fish. May disturb plants — use well-anchored species.,77-82°F,6.5-7.5,5-12 dKH,Myanmar,Caution,Mastacembelus zebrinus,https://bubba751.github.io/Freshwater-Fish-HTML-Files-V3/Eel Zebra (Large).html,EL12
Eel Zebra (Medium),Semi-aggressive,"24""",55 Gallon,Dark body with thin vertical cream zebra lines,"Carnivore. Hikari Frozen bloodworms, Frozen Mysis Shrimp",Burrowing eel; predatory toward small fish. May disturb plants — use well-anchored species.,77-82°F,6.5-7.5,5-12 dKH,Myanmar,Caution,Mastacembelus zebrinus,https://bubba751.github.io/Freshwater-Fish-HTML-Files-V3/Eel Zebra (Medium).html,1607731
Eel Zebra (Small),Semi-aggressive,"24""",55 Gallon,Dark body with thin vertical cream zebra lines,"Carnivore. Hikari Frozen bloodworms, Frozen Mysis Shrimp",Burrowing eel; predatory toward small fish. May disturb plants — use well-anchored species.,77-82°F,6.5-7.5,5-12 dKH,Myanmar,Caution,Mastacembelus zebrinus,https://bubba751.github.io/Freshwater-Fish-HTML-Files-V3/Eel Zebra (Small).html,EL11
Eel Zig Zag (Small),"Semi-aggressive, predatory","24-36"" (large adult)",55 Gallon,Tan/brown with zig-zag banded pattern,"Carnivore. Hikari Frozen bloodworms, Frozen Mysis Shrimp","Grows very large; needs a big tank long-term; sand substrate; predatory, will eat small fish",75-86°F,6.0-7.5,2-12 dKH,South and Southeast Asia,Safe,Mastacembelus armatus,https://bubba751.github.io/Freshwater-Fish-HTML-Files-V3/Eel Zig Zag (Small).html,EL13
Elephant Nose,Semi-aggressive,"9""",50 Gallon,"Uniform dark brown/black with a long, flexible trunk appendage","Carnivore/Predator. High-protein floating/sinking predator pellets, krill, silversides, freeze-dried shrimp, or frozen bloodworms depending on fish size.","Peaceful, intelligent fish with a sensitive electrical organ. Best in species tanks or with non-electric fish. Plant-safe.",73-82°F,6.5-7.2,4-10 dKH,Central/West Africa,Safe,Gnathonemus petersii,https://bubba751.github.io/Freshwater-Fish-HTML-Files-V3/Elephant Nose.html,MI07
Frog African Dwarf,Peaceful,"1.5-2""",10 Gallon,"Olive-brown, mottled","Omnivore. HIkari Frozen Bloodworms, Hikari Brine",Fully aquatic frog; needs access to the surface for air; feed sinking pellets/frozen food; keep with peaceful small fish,72-80°F,6.5-7.5,4-10 dKH,Central Africa,Safe,Hymenochirus boettgeri,https://bubba751.github.io/Freshwater-Fish-HTML-Files-V3/Frog African Dwarf.html,D848152
Frogs,Peaceful,"1.5""",10 Gallon,Mottled olive/brown webbed feet (Dwarf African Frog),"Omnivore. HIkari Frozen Bloodworms, Hikari Brine",Aquatic dwarf frogs (African Dwarf Frog assumed); peaceful and plant-safe. Do not eat plants. Keep in groups of 2 or more.,72-82°F,6.8-7.6,4-12 dKH,Central Africa,Safe,Hymenochirus boettgeri (African Dwarf Frog),https://bubba751.github.io/Freshwater-Fish-HTML-Files-V3/Frogs.html,MI08
Garra Black,Peaceful,"3.5""",30 Gallon,Uniformly dark charcoal or black body.,"Carnivore. Sera Pleco Chips, Hikari Algae Wafers",Peaceful algae grazer; excellent for planted tanks. Cleans algae from leaves without harming plants.,78-82°F,6.5-7.5,4-12 dKH,South America (Colombia/Venezuela),Safe,Garra poecilura,https://bubba751.github.io/Freshwater-Fish-HTML-Files-V3/Garra Black.html,3157526
Ghost Knife,Semi-aggressive,"18""",55 Gallon,Solid jet black body with two white rings on tail; white blaze on nose,"Carnivore. Hikari Frozen Food, Hikari Food Sticks","Peaceful, nocturnal fish growing to 20 inches or more. Will eat very small fish. Does not eat plants. Needs 100 or more gallons tank as an adult.",77-82°F,6.8-7.6,4-10 dKH,South America,Safe,Apteronotus albifrons,https://bubba751.github.io/Freshwater-Fish-HTML-Files-V3/Ghost Knife.html,MI10
Ghost Knife (Large),Semi-aggressive,"18""",55 Gallon,Solid jet black body with two white rings on tail; white blaze on nose,"Carnivore. Hikari Frozen Food, Hikari Food Sticks","Peaceful, nocturnal fish growing to 20 inches or more. Will eat very small fish. Does not eat plants. Needs 100 or more gallons tank as an adult.",77-82°F,6.8-7.6,4-10 dKH,South America,Safe,Apteronotus albifrons,https://bubba751.github.io/Freshwater-Fish-HTML-Files-V3/Ghost Knife (Large).html,6572950
Goby Blue Cobalt,Semi-aggressive,"2""",10 Gallon,Brilliant shimmering metallic solid neon cobalt blue head/body,"Omnivore/Micropredator. High-quality small sinking pellets, frozen daphnia, cyclops, and baby brine shrimp.","Small, lively goby. May be territorial with own kind. Plant-safe.",72-80°F,6.5-7.5,4-10 dKH,Southeast Asia / Indonesia,Safe,Stiphodon semoni,https://bubba751.github.io/Freshwater-Fish-HTML-Files-V3/Goby Blue Cobalt.html,MI11
Goby Red Lip,Semi-aggressive,"2.5""",10 Gallon,Grey body accented by bright neon red-orange lips and face trim,"Omnivore/Micropredator. High-quality small sinking pellets, frozen daphnia, cyclops, and baby brine shrimp.",Semi-aggressive goby; territorial. Plant-safe.,72-80°F,6.5-7.5,4-10 dKH,Southeast Asia / Indonesia,Safe,Sicyopus rubro V,https://bubba751.github.io/Freshwater-Fish-HTML-Files-V3/Goby Red Lip.html,MI13
Gold Cloud,Peaceful,"1.5""",10 Gallon,Bright golden-yellow variant with neon red fin markings,Omnivore. Sera San Color Flakes,"Peaceful, small tetra. Plant-safe. Keep in groups of 6 or more.",76-82°F,6.6-7.4,2-8 dKH,South America (Amazon Basin),Safe,Characidae sp.,https://bubba751.github.io/Freshwater-Fish-HTML-Files-V3/Gold Cloud.html,TE25
Gourami Chocolate,Peaceful,"2.5""",10 Gallon,Deep brown body accented by fine golden vertical trim bars,"Omnivore. Sera San Color Flakes, Hikari Frozen Bloodworms, Hikari Frozen Brine Shrimp",Shy and delicate. Best kept in a species-only or very gentle community. Sensitive to water quality; not a beginner fish.,76-82°F,6.0-7.4,1-4 dKH,"Southeast Asia (Borneo, Sumatra)",Safe,Sphaerichthys osphromenoides,https://bubba751.github.io/Freshwater-Fish-HTML-Files-V3/Gourami Chocolate.html,GO01
Gourami Dwarf,Peaceful,"3.5""",10 Gallon,Alternating brilliant neon blue and orange vertical bars,"Omnivore. Sera San Color Flakes, Hikari Frozen Bloodworms, Hikari Frozen Brine Shrimp",Generally calm and community-friendly. Males can be mildly territorial with each other; keep one male per tank or in a spacious setup.,76-82°F,6.0-7.4,4-10 dKH,"South Asia (India, Pakistan)",Safe,Trichogaster lalius,https://bubba751.github.io/Freshwater-Fish-HTML-Files-V3/Gourami Dwarf.html,GO02
Gourami Dwarf Fire Honey,Peaceful,"2""",10 Gallon,Solid golden honey-orange body with translucent fins,"Omnivore. Sera San Color Flakes, Hikari Frozen Bloodworms, Hikari Frozen Brine Shrimp",One of the most docile gouramis. Excellent community fish; avoids conflict with tankmates. Males may spar briefly during breeding.,76-82°F,6.0-7.4,4-10 dKH,"South Asia (India, Pakistan)",Safe,Trichogaster lalius,https://bubba751.github.io/Freshwater-Fish-HTML-Files-V3/Gourami Dwarf Fire Honey.html,GO03
Gourami Dwarf Powder Blue,Peaceful,"3.5""",10 Gallon,Solid high-gloss metallic solid powder sky blue,"Omnivore. Sera San Color Flakes, Hikari Frozen Bloodworms, Hikari Frozen Brine Shrimp",Color variant of the Dwarf Gourami; same peaceful temperament. Minor male-to-male rivalry possible.,76-82°F,6.0-7.4,4-10 dKH,"South Asia (India, Pakistan)",Safe,Trichogaster lalius,https://bubba751.github.io/Freshwater-Fish-HTML-Files-V3/Gourami Dwarf Powder Blue.html,GO04
Gourami Glo,Peaceful,"6""",10 Gallon,Fluorescent bright lime green or electric pink,"Omnivore. Sera San Color Flakes, Hikari Frozen Bloodworms, Hikari Frozen Brine Shrimp",Fluorescent variant typically based on Paradise or Dwarf Gourami. Peaceful community fish; behavior mirrors the base species.,76-82°F,6.0-7.4,4-10 dKH,"South Asia (India, Pakistan)",Safe,Trichogaster lalius,https://bubba751.github.io/Freshwater-Fish-HTML-Files-V3/Gourami Glo.html,GO05
Gourami Gold,Semi-aggressive,"6""",10 Gallon,Bright golden-yellow with pale yellow marbling,"Omnivore. Sera San Color Flakes, Hikari Frozen Bloodworms, Hikari Frozen Brine Shrimp","Color morph of the Three-spot Gourami. Can be territorial and nippy, especially males. Best with robust fish of similar size. May nibble soft plants; use hardy species.",76-82°F,6.0-7.4,4-15 dKH,Southeast Asia,Caution,Trichopodus trichopterus,https://bubba751.github.io/Freshwater-Fish-HTML-Files-V3/Gourami Gold.html,GO06
Gourami Kissing,"Semi-aggressive, territorial","10-12""",55 Gallon,Pink or green (wild-type),"Omnivore. Sera San Color Flakes, Hikari Frozen Bloodworms, Hikari Frozen Brine Shrimp",Grows larger than most buyers expect; needs a spacious tank; labyrinth fish needing surface access,75-82°F,6.0-8.0,5-15 dKH,Southeast Asia,Not safe (grazes algae/plants),Helostoma temminckii,https://bubba751.github.io/Freshwater-Fish-HTML-Files-V3/Gourami Kissing.html,GO08
Gourami Kissing Pink,Semi-aggressive,"10""",10 Gallon,Pale uniform pinkish-flesh color; modified puckered mouth,"Omnivore. Sera San Color Flakes, Hikari Frozen Bloodworms, Hikari Frozen Brine Shrimp","Pink/albino variant of Kissing Gourami; identical plant-grazing and semi-aggressive behavior. Grows large (up to 12 inches). Use only Java fern, Java moss, or plastic plants.",76-82°F,6.0-7.4,4-12 dKH,Southeast Asia,Unsafe,Helostoma temminckii,https://bubba751.github.io/Freshwater-Fish-HTML-Files-V3/Gourami Kissing Pink.html,GO09
Gourami Opaline,Semi-aggressive,"6""",10 Gallon,Marbled slate-blue body with darker blue cloud patterns,"Omnivore. Sera San Color Flakes, Hikari Frozen Bloodworms, Hikari Frozen Brine Shrimp","Three-spot Gourami variant; can be quite aggressive and territorial, especially males. May nibble soft plants; use hardy species.",76-82°F,6.0-7.4,4-15 dKH,Southeast Asia,Caution,Trichopodus trichopterus,https://bubba751.github.io/Freshwater-Fish-HTML-Files-V3/Gourami Opaline.html,GO11
Gourami Paradise Blue,Semi-aggressive,"4""",10 Gallon,Red and blue vertical bars with an iridescent blue tail gill spot,"Omnivore. Sera San Color Flakes, Hikari Frozen Bloodworms, Hikari Frozen Brine Shrimp","Beautiful but aggressive, especially toward their own kind and similar-looking fish. May damage delicate plants; use robust species.",76-82°F,6.0-7.4,5-15 dKH,East Asia,Caution,Macropodus opercularis,https://bubba751.github.io/Freshwater-Fish-HTML-Files-V3/Gourami Paradise Blue.html,GO13
Gourami Pearl,Peaceful,"5""",10 Gallon,Reddish brown covered in thousands of uniform pearlescent lace spots,"Omnivore. Sera San Color Flakes, Hikari Frozen Bloodworms, Hikari Frozen Brine Shrimp",One of the most peaceful gouramis; excellent community fish. Plant-safe and thrives in planted tanks.,76-82°F,6.0-7.4,4-12 dKH,Southeast Asia,Safe,Trichopodus leerii,https://bubba751.github.io/Freshwater-Fish-HTML-Files-V3/Gourami Pearl.html,GO14
Gourami Pearl (Large),"Peaceful, semi-shy","4-5""",29 Gallon,Silver with pearlescent spots; orange throat on males,"Omnivore. Sera San Color Flakes, Hikari Frozen Bloodworms, Hikari Frozen Brine Shrimp",Peaceful labyrinth fish; needs surface access; does well with floating plants for cover,77-82°F,6.0-7.5,2-10 dKH,Southeast Asia,Safe,Trichopodus leerii,https://bubba751.github.io/Freshwater-Fish-HTML-Files-V3/Gourami Pearl (Large).html,GO14L
Gourami Red Flame,Peaceful,"3.5""",10 Gallon,Fiery orange-red body with a solid neon blue dorsal fin,"Omnivore. Sera San Color Flakes, Hikari Frozen Bloodworms, Hikari Frozen Brine Shrimp",Red Flame Gourami (color variant of Dwarf/Honey); peaceful and plant-safe. Excellent community fish.,76-82°F,6.0-7.4,4-10 dKH,"South Asia (India, Pakistan)",Safe,Trichogaster lalius,https://bubba751.github.io/Freshwater-Fish-HTML-Files-V3/Gourami Red Flame.html,GO15
Gourami Small Pearl,Peaceful,"5""",10 Gallon,Reddish brown covered in thousands of uniform pearlescent lace spots,"Omnivore. Sera San Color Flakes, Hikari Frozen Bloodworms, Hikari Frozen Brine Shrimp",Smaller pearl gourami; same peaceful temperament as standard Pearl Gourami. Plant-safe and excellent in planted tanks.,76-82°F,6.0-7.4,4-12 dKH,Southeast Asia,Safe,Trichopodus leerii,https://bubba751.github.io/Freshwater-Fish-HTML-Files-V3/Gourami Small Pearl.html,GO16
Gourami Sunset,Peaceful,"3.5""",10 Gallon,Deep orange body with a glowing turquoise throat,"Omnivore. Sera San Color Flakes, Hikari Frozen Bloodworms, Hikari Frozen Brine Shrimp",Sunset gourami (honey variant); very peaceful. Excellent in planted community tanks.,76-82°F,6.0-7.4,4-10 dKH,"South Asia (India, Pakistan)",Safe,Trichogaster lalius,https://bubba751.github.io/Freshwater-Fish-HTML-Files-V3/Gourami Sunset.html,GO17
Guppy (Female),Peaceful,"2.5""",10 Gallon,Assorted dull grey bodies with small colorful tail fins,Sera San Color Flakes,Peaceful livebearer; excellent community fish. Plant-safe and benefits from planted tanks.,76-82°F,6.0-7.4,8-15 dKH,South America / Caribbean (Domesticated),Safe,Poecilia reticulata,https://bubba751.github.io/Freshwater-Fish-HTML-Files-V3/Guppy (Female).html,LB03
Guppy (Male),Peaceful,"2""",10 Gallon,Assorted intense multi-color tails and delta dorsal fins,Sera San Color Flakes,Peaceful but males can chase females relentlessly; maintain 2:1 female-to-male ratio. Plant-safe.,76-84°F,7.0-8.5,8-15 dKH,South America / Caribbean (Domesticated),Safe,Poecilia reticulata,https://bubba751.github.io/Freshwater-Fish-HTML-Files-V3/Guppy (Male).html,LB01
Guppy Blue (Metallic),Peaceful,"3.5""",10 Gallon,Deep orange body with a glowing turquoise throat,Sera San Color Flakes,Sunset gourami (honey variant); very peaceful. Excellent in planted community tanks.,76-82°F,6.0-7.4,4-10 dKH,"South Asia (India, Pakistan)",Safe,Trichogaster lalius,https://bubba751.github.io/Freshwater-Fish-HTML-Files-V3/Guppy Blue (Metallic).html,415528G
Guppy Red Head Dumbo (Male),Peaceful,"2""",10 Gallon,"Brilliant red face/tail with oversized, dark pectoral elephant fins",Sera San Color Flakes,Red Head Dumbo guppy — fancy variety; peaceful and plant-safe. Maintain 2:1 female-to-male ratio.,76-84°F,6.5-7.2,4-10 dKH,South America (Colombia),Safe,Geophagus steindachneri,https://bubba751.github.io/Freshwater-Fish-HTML-Files-V3/Guppy Red Head Dumbo (Male).html,LB06
Guppy Red Head Tuxedo (Male),Peaceful,"2""",10 Gallon,Bright red head with a solid half-black tuxedo body jacket,Sera San Color Flakes,Red Head Tuxedo guppy — fancy variety; peaceful and plant-safe. Maintain 2:1 female-to-male ratio.,76-84°F,6.5-7.2,4-10 dKH,South America (Colombia),Safe,Geophagus steindachneri,https://bubba751.github.io/Freshwater-Fish-HTML-Files-V3/Guppy Red Head Tuxedo (Male).html,LB08
Guppy Red Tail Dumbo (Male),Peaceful,"2""",10 Gallon,Bright red fan tail fin; massive blue/charcoal pectoral wing fins,Sera San Color Flakes,Fancy guppy variety; peaceful and plant-safe. Maintain 2:1 female-to-male ratio.,76-84°F,7.0-8.5,8-15 dKH,South America / Caribbean (Domesticated),Safe,Poecilia reticulata,https://bubba751.github.io/Freshwater-Fish-HTML-Files-V3/Guppy Red Tail Dumbo (Male).html,LB04
Killi,Peaceful,"2.5""",5 Gallon,"Assorted hyper-colorful patterns (red, blue, gold mosaic)","Omnivore. Hikari Vibra Bites,, Hikari Betta Food, Hikari Frozen Bloodworms, Hikari Frozen Brine",Most killifish are peaceful and plant-safe. Excellent in planted tanks; may jump — use tight-fitting lid.,68-78°F,6.0-7.0,2-8 dKH,Africa / Americas,Safe,Aphyosemion / Fundulopanchax sp.,https://bubba751.github.io/Freshwater-Fish-HTML-Files-V3/Killi.html,MS15
Loach Burma Border (Large),Peaceful,"8""",55 Gallon,Alternating fine tan and dark brown vertical tiger bars,"Herbivore. Sera San Color Flakes, Sera Vipachips, Hikari Frozen Brine, Hikari Frozen Bloodworms","Peaceful, social loach. Keep in groups. Plant-safe.",77-82°F,6.8-7.6,4-12 dKH,Myanmar,Safe,Botia kubotai,https://bubba751.github.io/Freshwater-Fish-HTML-Files-V3/Loach Burma Border (Large).html,141398P
Loach Burma Border (Medium),"Semi-aggressive, active; best in groups","4-5""",29 Gallon,Black and yellow reticulated pattern,"Herbivore. Sera San Color Flakes, Sera Vipachips, Hikari Frozen Brine, Hikari Frozen Bloodworms",Keep in groups of 5+; needs caves/hiding spots; will eat snails,75-82°F,6.0-7.5,2-12 dKH,Myanmar (Burma),Safe,Botia kubotai,https://bubba751.github.io/Freshwater-Fish-HTML-Files-V3/Loach Burma Border (Medium).html,LO02
Loach Burma Border (Small),Peaceful,"4""",29 Gallon,Alternating fine tan and dark brown vertical tiger bars,"Herbivore. Sera San Color Flakes, Sera Vipachips, Hikari Frozen Brine, Hikari Frozen Bloodworms","Peaceful, social loach. Keep in groups. Plant-safe.",77-82°F,6.8-7.6,4-12 dKH,Myanmar,Safe,Botia kubotai,https://bubba751.github.io/Freshwater-Fish-HTML-Files-V3/Loach Burma Border (Small).html,LO01
Loach Clown (Large),Peaceful,"12""",100 Gallon,Bright orange body with three broad black vertical triangular stripes,"Herbivore. Sera San Color Flakes, Sera Vipachips, Hikari Frozen Brine, Hikari Frozen Bloodworms",Peaceful schooling loach; grows large (up to 12 Inches). May dig and disturb plant roots. Use well-anchored robust plants. Keep in groups of 3 or more.,77-86°F,6.0-7.6,4-10 dKH,"Indonesia (Borneo, Sumatra)",Caution,Chromobotia macracanthus,https://bubba751.github.io/Freshwater-Fish-HTML-Files-V3/Loach Clown (Large).html,LO05
Loach Clown (Medium),Peaceful,"6""",55 Gallon,Bright orange body with three broad black vertical triangular stripes,"Herbivore. Sera San Color Flakes, Sera Vipachips, Hikari Frozen Brine, Hikari Frozen Bloodworms",Peaceful schooling loach; grows large (up to 12 Inches). May dig and disturb plant roots. Use well-anchored robust plants. Keep in groups of 3 or more.,77-86°F,6.0-7.6,4-10 dKH,"Indonesia (Borneo, Sumatra)",Caution,Chromobotia macracanthus,https://bubba751.github.io/Freshwater-Fish-HTML-Files-V3/Loach Clown (Medium).html,LO04
Loach Clown (Small),Peaceful,"3""",29 Gallon,Bright orange body with three broad black vertical triangular stripes,"Herbivore. Sera San Color Flakes, Sera Vipachips, Hikari Frozen Brine, Hikari Frozen Bloodworms",Peaceful schooling loach; grows large (up to 12 Inches). May dig and disturb plant roots. Use well-anchored robust plants. Keep in groups of 3 or more.,77-86°F,6.0-7.6,4-10 dKH,"Indonesia (Borneo, Sumatra)",Caution,Chromobotia macracanthus,https://bubba751.github.io/Freshwater-Fish-HTML-Files-V3/Loach Clown (Small).html,LO03
Loach Hillstream,Peaceful,"3""",29 Gallon,Flat guitar-shaped gold body covered in small dark leopard rings,"Herbivore. Sera San Color Flakes, Sera Vipachips, Hikari Frozen Brine, Hikari Frozen Bloodworms",Peaceful algae-grazer; attaches to rocks and glass. Does not eat plants; great for planted tanks. Needs high oxygen and moderate current.,68-75°F,6.5-7.5,4-10 dKH,Vietnam,Safe,Sewellia lineolata,https://bubba751.github.io/Freshwater-Fish-HTML-Files-V3/Loach Hillstream.html,LO06
Loach Horse Face,Peaceful,"8""",29 Gallon,Elongated sandy-grey body with a long horse-like snout,"Herbivore. Sera San Color Flakes, Sera Vipachips, Hikari Frozen Brine, Hikari Frozen Bloodworms",Peaceful; a burrower that may disturb substrate and plant roots. Use well-anchored plants.,77-82°F,6.8-7.6,4-10 dKH,Southeast Asia,Caution,Acantopsis dialuzona,https://bubba751.github.io/Freshwater-Fish-HTML-Files-V3/Loach Horse Face.html,LO07
Loach Kuhli,Peaceful,"4""",29 Gallon,Worm-like body with alternating orange and black banded segments,"Herbivore. Sera San Color Flakes, Sera Vipachips, Hikari Frozen Brine, Hikari Frozen Bloodworms","Kuhli Loach — peaceful, shy, eel-like bottom dweller. Excellent community fish. Plant-safe. Keep in groups of 3 or more.",73-86°F,5.5-7.0,3-8 dKH,Southeast Asia,Safe,Pangio semicincta,https://bubba751.github.io/Freshwater-Fish-HTML-Files-V3/Loach Kuhli.html,LO08
Loach Kuhli Black,Peaceful,"4""",10 Gallon,Solid uniform chocolate-black eel-like smooth body,Herbivore. Hikari Frozen Food,"Black Kuhli Loach; same peaceful, plant-safe temperament. Keep in groups of 3 or more; prefers soft substrate.",76-82°F,6.5-7.4,3-8 dKH,Southeast Asia,Safe,Pangio oblonga,https://bubba751.github.io/Freshwater-Fish-HTML-Files-V3/Loach Kuhli Black.html,LO10
Loach Slender,Peaceful,"4""",10 Gallon,Thin olive-tan body with a line of fine black dashes down flank,Herbivore. Hikari Frozen Food,Peaceful loach; plant-safe community fish.,75-86°F,6.5-7.5,4-12 dKH,Asia,Safe,Leptobotia / Nemacheilus sp.,https://bubba751.github.io/Freshwater-Fish-HTML-Files-V3/Loach Slender.html,LO12
Loach Yoyo,Peaceful,"5""",29 Gallon,Silver body marked with dark lines forming distinct Y and O patterns,"Herbivore. Sera San Color Flakes, Sera Vipachips, Hikari Frozen Brine, Hikari Frozen Bloodworms","Peaceful, active loach. Keep in groups of 3 or more. Plant-safe.",75-86°F,6.5-7.5,4-12 dKH,India,Safe,Botia almorhae,https://bubba751.github.io/Freshwater-Fish-HTML-Files-V3/Loach Yoyo.html,LO13
Loach Zebra,Peaceful,"4""",29 Gallon,"Fine, clean vertical yellow and black maze stripes","Herbivore. Sera San Color Flakes, Sera Vipachips, Hikari Frozen Brine, Hikari Frozen Bloodworms",Peaceful schooling loach. Plant-safe and community-friendly. Keep in groups of 5 or more.,77-82°F,6.8-7.6,4-10 dKH,India,Safe,Botia striata,https://bubba751.github.io/Freshwater-Fish-HTML-Files-V3/Loach Zebra.html,LO14
Marble Hatchet,Peaceful,"1.5""",10 Gallon,Deep belly silver body covered in dark brown wood-grain marble curls,"Omnivore. Hikari Frozen Food, Sera San Color Flakes","Peaceful, surface-dwelling schooling fish. Plant-safe; needs a tight-fitting lid as it is a jumper. Keep in groups of 6 or more.",77-82°F,6.8-7.4,2-8 dKH,South America (Amazon Basin),Safe,Carnegiella strigata,https://bubba751.github.io/Freshwater-Fish-HTML-Files-V3/Marble Hatchet.html,MS16
Molly,Peaceful,"4.5""",10 Gallon,"Assorted solid black, orange, dalmatian, or lyretail forms","Omnivore. Hikari Vibra Bites,, Hikari Betta Food, Hikari Frozen Bloodworms, Hikari Frozen Brine","Hardy, peaceful livebearer. Community-friendly. Plant-safe; may graze algae off plant leaves.",77-82°F,7.0-8.2,10-25 dKH,Central/North America,Safe,Poecilia sphenops / latipinna,https://bubba751.github.io/Freshwater-Fish-HTML-Files-V3/Molly.html,LB10
Panda Garra,Peaceful,"3.5""",30 Gallon,Dark olive body with alternating yellow/black fin rings and yellow bands,"Carnivore. Sera Pleco Chips, Hikari Algae Wafers",Peaceful algae grazer; excellent for planted tanks. Cleans algae from leaves without harming plants.,78-82°F,6.5-7.5,4-12 dKH,South America (Colombia/Venezuela),Safe,Ctenolucius hujeta,https://bubba751.github.io/Freshwater-Fish-HTML-Files-V3/Panda Garra.html,MI09
Platinum Hatchet,Peaceful,"2.5""",20 Gallon,Solid iridescent high-gloss liquid mirror silver,"Omnivore. Hikari Frozen Food, Sera San Color Flakes","Peaceful, surface-dwelling schooling fish. Plant-safe; keep with a tight lid. Keep in groups of 6 or more.",77-82°F,6.8-7.4,2-8 dKH,South America (Amazon Basin),Safe,Gasteropelecus sternicla,https://bubba751.github.io/Freshwater-Fish-HTML-Files-V3/Platinum Hatchet.html,MS17
Platy,Peaceful,"2.5""",10 Gallon,"Assorted compact forms (red, blue, sunburst, wagtail)","Omnivore. Hikari Vibra Bites,, Hikari Betta Food, Hikari Frozen Bloodworms, Hikari Frozen Brine","Hardy, peaceful livebearer. Excellent community fish. Plant-safe.",77-82°F,7.0-8.2,10-20 dKH,Central America (Mexico to Belize),Safe,Xiphophorus maculatus,https://bubba751.github.io/Freshwater-Fish-HTML-Files-V3/Platy.html,LB12
Pleco Ancitrus,Peaceful,"5""",10 Gallon,Dark brown body covered in fine tan spots; bushy nose tentacles,"Sera Pleco Chips, Hikari Algae Wafers",Bristlenose-type pleco; peaceful algae eater. Plant-safe; great for planted tanks. Stays small (4 or 5 inches).,76-84°F,7.0-7.6,4-12 dKH,South America (Amazon Basin),Safe,Ancistrus cirrhosus,https://bubba751.github.io/Freshwater-Fish-HTML-Files-V3/Pleco Ancitrus.html,PL18
Pleco Ancitrus Albino,Peaceful,"5""",10 Gallon,Solid pinkish-yellow body with white tentacles and pink eyes,"Sera Pleco Chips, Hikari Algae Wafers","Albino Ancistrus; same peaceful, plant-safe behavior. Great algae eater. Stays small (4 or 5 inches).",76-84°F,7.0-7.6,4-12 dKH,South America (Amazon Basin),Safe,Ancistrus cirrhosus,https://bubba751.github.io/Freshwater-Fish-HTML-Files-V3/Pleco Ancitrus Albino.html,PL19
Pleco Ancitrus Albino Longfin,Peaceful,"5""",10 Gallon,"Solid pinkish-yellow with elongated, flowing lace fins","Sera Pleco Chips, Hikari Algae Wafers",Longfin albino Ancistrus; same peaceful temperament. Plant-safe and great algae eater. Stays small (4 or 5 inches).,76-84°F,7.0-7.6,4-12 dKH,South America (Amazon Basin),Safe,Ancistrus cirrhosus,https://bubba751.github.io/Freshwater-Fish-HTML-Files-V3/Pleco Ancitrus Albino Longfin.html,PL20
Pleco Bristlenose,Peaceful,"5""",10 Gallon,Dark charcoal body with uniform golden-tan freckles,"Sera Pleco Chips, Hikari Algae Wafers","Very popular, peaceful, small pleco (4 or 5 inches). Excellent algae eater; plant-safe.",76-84°F,7.0-7.6,4-12 dKH,South America (Amazon Basin),Safe,Ancistrus cirrhosus,https://bubba751.github.io/Freshwater-Fish-HTML-Files-V3/Pleco Bristlenose.html,PL21
Pleco Bristlenose Longfin Pineapple,Peaceful,"5""",10 Gallon,High-contrast honey-yellow and orange mottled patterns; sweeping fins,"Sera Pleco Chips, Hikari Algae Wafers",Longfin Pineapple Bristlenose; same peaceful temperament. Plant-safe and excellent algae eater. Stays small.,76-84°F,7.0-7.6,4-12 dKH,South America (Amazon Basin),Safe,Ancistrus cirrhosus,https://bubba751.github.io/Freshwater-Fish-HTML-Files-V3/Pleco Bristlenose Longfin Pineapple.html,PL22
Pleco Bushynose Longfin,Peaceful,"5""",10 Gallon,Mottled brown/tan with heavily extended fin trains,"Sera Pleco Chips, Hikari Algae Wafers",Longfin Bushynose pleco; peaceful and plant-safe. Good algae eater. Stays small.,76-84°F,7.0-7.6,4-12 dKH,South America (Amazon Basin),Safe,Ancistrus cirrhosus,https://bubba751.github.io/Freshwater-Fish-HTML-Files-V3/Pleco Bushynose Longfin.html,PL24
Pleco Bushynose Longfin Super Red,Peaceful,"5""",10 Gallon,Solid rich brick-orange overall with flowing lace fin trains,"Sera Pleco Chips, Hikari Algae Wafers",Super Red Longfin Bushynose; same peaceful temperament. Plant-safe and great algae eater.,76-84°F,7.0-7.6,4-12 dKH,South America (Amazon Basin),Safe,Ancistrus cirrhosus,https://bubba751.github.io/Freshwater-Fish-HTML-Files-V3/Pleco Bushynose Longfin Super Red.html,PL25
Pleco Bushynose Red,Peaceful,"5""",10 Gallon,Solid un-spotted uniform rich pumpkin-orange body,"Sera Pleco Chips, Hikari Algae Wafers",Red Bushynose pleco; peaceful and plant-safe algae eater. Stays small (4 or 5 inches).,76-84°F,7.0-7.6,4-12 dKH,South America (Amazon Basin),Safe,Ancistrus cirrhosus,https://bubba751.github.io/Freshwater-Fish-HTML-Files-V3/Pleco Bushynose Red.html,PL23
Pleco Butterfly,Peaceful,"5""",10 Gallon,Flat profile with wide rounded yellow-spotted pectoral plates,"Sera Pleco Chips, Hikari Algae Wafers",Hillstream loach-like pleco; peaceful algae grazer. Plant-safe. Needs good water flow and oxygenation.,76-84°F,7.0-7.6,4-12 dKH,South America (Rio Negro),Safe,Dekeyseria brachyura (L052),https://bubba751.github.io/Freshwater-Fish-HTML-Files-V3/Pleco Butterfly.html,PL26
Pleco Clown,Peaceful,"3.5""",10 Gallon,Dark chocolate body highlighted by distinct thin tan ring bands,"Sera Pleco Chips, Hikari Algae Wafers","Peaceful, patterned pleco. Plant-safe; grazes algae. Grows to 12 inches or more; needs a large tank.",76-84°F,7.0-7.6,4-12 dKH,South America (Venezuela),Safe,Panaqolus maccus,https://bubba751.github.io/Freshwater-Fish-HTML-Files-V3/Pleco Clown.html,PL27
Pleco L018 Gold Spot (Large),Peaceful,"10""",55 Gallon,Black body covered in sharp yellow spots; solid yellow fin borders,"Sera Pleco Chips, Hikari Algae Wafers",Peaceful L-number pleco; plant-safe algae and biofilm grazer. Grows to 10 inches or more.,76-84°F,7.0-7.6,3-8 dKH,Brazil (Rio Xingu),Safe,Baryancistrus xanthellus,https://bubba751.github.io/Freshwater-Fish-HTML-Files-V3/Pleco L018 Gold Spot (Large).html,PL03
Pleco L018 Gold Spot (Small),Peaceful,"4""",20 Gallon,Black body covered in sharp yellow spots; solid yellow fin borders,"Sera Pleco Chips, Hikari Algae Wafers",Peaceful L-number pleco; plant-safe algae and biofilm grazer. Grows to 10 inches or more.,76-84°F,7.0-7.6,3-8 dKH,Brazil (Rio Xingu),Safe,Baryancistrus xanthellus,https://bubba751.github.io/Freshwater-Fish-HTML-Files-V3/Pleco L018 Gold Spot (Small).html,PL02
Pleco L052 Atabapo Butterfly,Peaceful,"5""",10 Gallon,Flattened dark grey body with light grey butterfly wing patterns,"Sera Pleco Chips, Hikari Algae Wafers",Peaceful L-number pleco; plant-safe. Stays relatively small.,76-84°F,7.0-7.6,4-12 dKH,South America (Rio Negro),Safe,Dekeyseria brachyura (L052),https://bubba751.github.io/Freshwater-Fish-HTML-Files-V3/Pleco L052 Atabapo Butterfly.html,PL04
Pleco L066 King Tiger,Peaceful,"5""",10 Gallon,Intricate white and black fine labyrinth scroll lines,"Sera Pleco Chips, Hikari Algae Wafers","Peaceful, attractive L-number pleco. Plant-safe. Grows to 6 inches or more.",76-84°F,7.0-7.6,4-12 dKH,Brazil (Rio Xingu),Safe,Hypancistrus sp. (L066),https://bubba751.github.io/Freshwater-Fish-HTML-Files-V3/Pleco L066 King Tiger.html,PL05
Pleco L091 Red Fin,Peaceful,"10""",10 Gallon,Charcoal black body; striking bright orange-red dorsal and tail tips,"Sera Pleco Chips, Hikari Algae Wafers",Peaceful L-number pleco; plant-safe. Grows to 8 inches or more.,76-84°F,7.0-7.6,4-12 dKH,South America,Safe,Loricariidae sp.,https://bubba751.github.io/Freshwater-Fish-HTML-Files-V3/Pleco L091 Red Fin.html,PL06
Pleco L128 Blue Phantom,Peaceful,"7""",10 Gallon,Deep midnight blue-grey body peppered with small white dots,"Sera Pleco Chips, Hikari Algae Wafers",Peaceful Blue Phantom pleco. Plant-safe algae grazer. Grows to 7 Inches or more.,76-84°F,7.0-7.6,4-12 dKH,Venezuela (Rio Orinoco),Safe,Hemiancistrus subviridis,https://bubba751.github.io/Freshwater-Fish-HTML-Files-V3/Pleco L128 Blue Phantom.html,PL07
Pleco L129,Peaceful,"3.5""",10 Gallon,Dark body with crisp yellow wavy maze line segments,"Sera Pleco Chips, Hikari Algae Wafers",Peaceful L-number pleco. Plant-safe. Stays relatively small.,76-84°F,7.0-7.6,4-12 dKH,South America,Safe,Loricariidae sp.,https://bubba751.github.io/Freshwater-Fish-HTML-Files-V3/Pleco L129.html,B879642
Pleco L177 Gold Nugget,Peaceful,"8""",10 Gallon,"Black body with large, prominent bright yellow polka dots and wide fin trim","Sera Pleco Chips, Hikari Algae Wafers",Gold Nugget pleco; peaceful and plant-safe. Grows to 9 Inches or more.,76-84°F,7.0-7.6,3-8 dKH,Brazil (Rio Xingu),Safe,Baryancistrus xanthellus,https://bubba751.github.io/Freshwater-Fish-HTML-Files-V3/Pleco L177 Gold Nugget.html,PL09
Pleco L190 Royal (Large),Peaceful,"17""",100 Gallon,"Light grey body with bold, dark horizontal pencil pinstripes; red eyes","Sera Pleco Chips, Hikari Algae Wafers",Royal pleco; peaceful but large (17 Inches or more). May rasp driftwood more than plants. Plant-safe. Needs 75 or more gallon tank.,76-84°F,7.0-7.6,4-12 dKH,South America (Amazon/Orinoco),Safe,Panaque nigrolineatus,https://bubba751.github.io/Freshwater-Fish-HTML-Files-V3/Pleco L190 Royal (Large).html,PL11
Pleco L190 Royal (Small),Peaceful,"4""",20 Gallon,"Light grey body with bold, dark horizontal pencil pinstripes; red eyes","Sera Pleco Chips, Hikari Algae Wafers",Royal pleco; peaceful but large (17 Inches or more). May rasp driftwood more than plants. Plant-safe. Needs 75 or more gallon tank.,76-84°F,7.0-7.6,4-12 dKH,South America (Amazon/Orinoco),Safe,Panaque nigrolineatus,https://bubba751.github.io/Freshwater-Fish-HTML-Files-V3/Pleco L190 Royal (Small).html,PL10
Pleco L200 Green Phantom (Large),Peaceful,"7""",55 Gallon,Translucent lemon-lime green body with pale yellow body spots,"Sera Pleco Chips, Hikari Algae Wafers",Peaceful Green Phantom pleco; plant-safe. Grows to 7 Inches or more.,76-84°F,7.0-7.6,4-12 dKH,Venezuela,Safe,Hemiancistrus subviridis,https://bubba751.github.io/Freshwater-Fish-HTML-Files-V3/Pleco L200 Green Phantom (Large).html,PL13
Pleco L200 Green Phantom (Small),Peaceful,"3""",10 Gallon,Translucent lemon-lime green body with pale yellow body spots,"Sera Pleco Chips, Hikari Algae Wafers",Peaceful Green Phantom pleco; plant-safe. Grows to 7 Inches or more.,76-84°F,7.0-7.6,4-12 dKH,Venezuela,Safe,Hemiancistrus subviridis,https://bubba751.github.io/Freshwater-Fish-HTML-Files-V3/Pleco L200 Green Phantom (Small).html,PL12
Pleco L201 Snowball,Peaceful,"5""",10 Gallon,"Jet black body covered in large, crisp white snowball spots","Sera Pleco Chips, Hikari Algae Wafers",Peaceful Snowball pleco; plant-safe. Grows to 6 inches or more.,76-84°F,7.0-7.6,4-12 dKH,Venezuela (Rio Orinoco),Safe,Hypancistrus controversus,https://bubba751.github.io/Freshwater-Fish-HTML-Files-V3/Pleco L201 Snowball.html,PL14
Pleco L260 Queen Arabesque,Peaceful,"4""",10 Gallon,"Fine, hyper-dense network of black and white network lines","Sera Pleco Chips, Hikari Algae Wafers","Peaceful, attractive L-number pleco. Plant-safe. Stays small (4 Inches or more).",76-84°F,7.0-7.6,4-12 dKH,South America,Safe,Loricariidae sp.,https://bubba751.github.io/Freshwater-Fish-HTML-Files-V3/Pleco L260 Queen Arabesque.html,PL15
Pleco L264,Peaceful,"8""",10 Gallon,Grey body covered in black dots; stark white tips on all fins,"Sera Pleco Chips, Hikari Algae Wafers",Peaceful L-number pleco. Plant-safe. Stays relatively small.,76-84°F,7.0-7.6,4-12 dKH,South America,Safe,Loricariidae sp.,https://bubba751.github.io/Freshwater-Fish-HTML-Files-V3/Pleco L264.html,PL16
Pleco LDA033 Snowball,Peaceful,"5""",10 Gallon,"Jet black body covered in large, crisp white snowball spots","Sera Pleco Chips, Hikari Algae Wafers",Peaceful LDA-series pleco. Plant-safe. Stays small.,76-84°F,7.0-7.6,4-12 dKH,Venezuela (Rio Orinoco),Safe,Hypancistrus controversus,https://bubba751.github.io/Freshwater-Fish-HTML-Files-V3/Pleco LDA033 Snowball.html,PL17
Pleco LO18,Semi-aggressive; territorial with own species,"7-10""",55 Gallon,Black body with gold/yellow spots,"Sera Pleco Chips, Hikari Algae Wafers",Needs strong current and high oxygenation; provide driftwood; grows fairly large,77-84°F,6.0-7.5,2-10 dKH,Brazil (Rio Xingu),Safe,"Baryancistrus xanthellus ""L018""",https://bubba751.github.io/Freshwater-Fish-HTML-Files-V3/Pleco LO18.html,4482986
Pleco Longfin Red Bushynose,Peaceful,"4-5""",29 Gallon,Red/orange with long flowing fins,"Sera Pleco Chips, Hikari Algae Wafers",Easy algae eater; needs driftwood as part of its diet; breeds readily in caves,74-80°F,6.5-7.5,2-15 dKH,Captive-bred (native range South America),Safe,Ancistrus sp. (longfin red morph),https://bubba751.github.io/Freshwater-Fish-HTML-Files-V3/Pleco Longfin Red Bushynose.html,8630242
Pleco Royal,Peaceful,"17""",10 Gallon,"Light grey body with bold, dark horizontal pencil pinstripes; red eyes","Sera Pleco Chips, Hikari Algae Wafers","Royal pleco (L190); peaceful, wood-grazing pleco growing to 17 Inches or more. Plant-safe. Needs 75 or more gallon tank.",76-84°F,7.0-7.6,4-12 dKH,South America (Amazon/Orinoco),Safe,Panaque nigrolineatus,https://bubba751.github.io/Freshwater-Fish-HTML-Files-V3/Pleco Royal.html,PL28
Pleco Rubber Lip,Peaceful,"5""",10 Gallon,Dull slate grey/olive body with faint uniform dark checking,"Sera Pleco Chips, Hikari Algae Wafers","Peaceful, small algae-eating pleco. Plant-safe. Stays under 7 Inches.",76-84°F,7.0-7.6,4-12 dKH,South America (Colombia),Safe,Chaetostoma milesi,https://bubba751.github.io/Freshwater-Fish-HTML-Files-V3/Pleco Rubber Lip.html,PL29
Pleco Sailfin Marble,Peaceful,"19""",10 Gallon,Marbled dark brown and gold body with a massive sail-like dorsal fin,"Sera Pleco Chips, Hikari Algae Wafers",Sailfin pleco grows very large (18 inches or more). Peaceful but large size may damage plants physically; use robust species. Needs 125 or more gallon tank.,76-84°F,7.0-7.6,4-12 dKH,South America (Amazon Basin),Caution,Pterygoplichthys gibbiceps,https://bubba751.github.io/Freshwater-Fish-HTML-Files-V3/Pleco Sailfin Marble.html,PL30
Pleco Sailfin Spotted,Peaceful,"19""",10 Gallon,Dark leopard spots over tan body; giant high-profile sail fin,"Sera Pleco Chips, Hikari Algae Wafers",Spotted Sailfin pleco grows very large (18 inches or more). Peaceful but large size may damage plants; use robust species. Needs 125 or more gallon tank.,76-84°F,7.0-7.6,4-12 dKH,South America (Amazon Basin),Caution,Pterygoplichthys gibbiceps,https://bubba751.github.io/Freshwater-Fish-HTML-Files-V3/Pleco Sailfin Spotted.html,PL31
Pleco Snow White,Peaceful,"5""",10 Gallon,Uncommon solid ivory-white bristlenose morph with dark eyes,"Sera Pleco Chips, Hikari Algae Wafers",Peaceful pleco variant. Plant-safe. Stays relatively small.,76-84°F,7.0-7.6,4-12 dKH,South America (Amazon Basin),Safe,Ancistrus cirrhosus,https://bubba751.github.io/Freshwater-Fish-HTML-Files-V3/Pleco Snow White.html,PL32
Rainbow Boseman,"Peaceful, active schooling","4-4.5""",29 Gallon,"Blue-purple front half, orange-yellow rear half","Omnivore. Frozen Bloodworms, Frozen Brine, Sera Flakes, Hikari Vita Bites",Keep in schools of 6+; males show best color with maturity; needs open swimming space,75-82°F,7.0-8.0,8-15 dKH,"West Papua, Indonesia (Ajamaru Lakes)",Safe,Melanotaenia boesemani,https://bubba751.github.io/Freshwater-Fish-HTML-Files-V3/Rainbow Boseman.html,CI42
Rainbow Celebes,Peaceful,"3""",10 Gallon,Silver-yellow with elongated dorsal/anal fin rays,"Omnivore. Frozen Bloodworms, Frozen Brine, Sera Flakes, Hikari Vita Bites",Prefers harder water than most rainbowfish; sensitive to poor water quality; peaceful schooler,75-82°F,7.0-8.5,8-20 dKH,"Sulawesi, Indonesia",Safe,Marosatherina ladigesi,https://bubba751.github.io/Freshwater-Fish-HTML-Files-V3/Rainbow Celebes.html,CI43
Rainbow Dwarf Praycox,"Peaceful, active schooling","2-2.5""",29 Gallon,Vivid neon blue-red,"Omnivore. Frozen Bloodworms, Frozen Brine, Sera Flakes, Hikari Vita Bites",Smallest commonly kept rainbowfish; great for smaller schooling displays; males color up strongly,75-82°F,6.5-7.5,5-12 dKH,New Guinea (Mamberamo/Idenburg River),Safe,Melanotaenia praecox,https://bubba751.github.io/Freshwater-Fish-HTML-Files-V3/Rainbow Dwarf Praycox.html,CI44
Rainbow Emerald,"Peaceful, active schooling","4-4.5""",29 Gallon,Bright emerald green,"Omnivore. Frozen Bloodworms, Frozen Brine, Sera Flakes, Hikari Vita Bites","Keep in schools of 6+; males more vibrant; needs open swimming space, hardy once established",75-82°F,7.0-8.0,8-15 dKH,"Lake Wanam, Papua New Guinea",Safe,Glossolepis wanamensis,https://bubba751.github.io/Freshwater-Fish-HTML-Files-V3/Rainbow Emerald.html,CI45
Rainbow Millenium (Female),"Peaceful, active schooling","4-5""",29 Gallon,Silvery-yellow,"Omnivore. Frozen Bloodworms, Frozen Brine, Sera Flakes, Hikari Vita Bites",Keep in schools of 6+; active swimmer needing open space,75-82°F,7.0-8.0,8-15 dKH,New Guinea (Mamberamo River),Safe,Glossolepis pseudoincisus,https://bubba751.github.io/Freshwater-Fish-HTML-Files-V3/Rainbow Millenium (Female).html,1336752
Rainbow Millenium (Male),"Peaceful, active schooling","4-5""",29 Gallon,"Deep blue-purple, intensifying with maturity","Omnivore. Frozen Bloodworms, Frozen Brine, Sera Flakes, Hikari Vita Bites",Keep in schools of 6+; males color up strongly as they mature; needs open swimming space,75-82°F,7.0-8.0,8-15 dKH,New Guinea (Mamberamo River),Safe,Glossolepis pseudoincisus,https://bubba751.github.io/Freshwater-Fish-HTML-Files-V3/Rainbow Millenium (Male).html,7816728
Rainbow Red,Peaceful,"6""",29 Gallon,Brilliant deep solid crimson red body (males),"Omnivore. Frozen Bloodworms, Frozen Brine, Sera Flakes, Hikari Vita Bites",Peaceful rainbowfish. Plant-safe; excellent in planted tanks. Keep in groups of 6 or more.,77-85°F,7.0-8.0,6-15 dKH,Australia / New Guinea,Safe,Glossolepis incisus,https://bubba751.github.io/Freshwater-Fish-HTML-Files-V3/Rainbow Red.html,CI46
Rainbow Turquoise,Peaceful,"4.5""",29 Gallon,Deep metallic turquoise-blue top shading down to silver,"Omnivore. Frozen Bloodworms, Frozen Brine, Sera Flakes, Hikari Vita Bites",Peaceful rainbowfish; plant-safe and good community fish. Keep in groups of 6 or more.,77-85°F,7.0-8.0,6-15 dKH,Australia / New Guinea,Safe,Melanotaenia lacustris,https://bubba751.github.io/Freshwater-Fish-HTML-Files-V3/Rainbow Turquoise.html,CI47
Ram Balloon Black,Semi-aggressive,"2""",10 Gallon,Short round coin body; dark smoky charcoal matte black color,Omnivore. Sera San Color Flakes,Balloon-body German Blue Ram variant; same dwarf cichlid temperament — mild but territorial during breeding. Excellent in planted tanks.,78-85°F,5.5-6.8,1-4 dKH,South America (Venezuela/Colombia),Safe,Mikrogeophagus ramirezi,https://bubba751.github.io/Freshwater-Fish-HTML-Files-V3/Ram Balloon Black.html,RA01
Ram Balloon Blue,Semi-aggressive,"2""",10 Gallon,Short compressed body; iridescent sky blue scales,Omnivore. Sera San Color Flakes,"Balloon Blue Ram — mild dwarf cichlid temperament. Territorial during breeding; excellent in planted tanks with soft, acidic water.",78-85°F,5.5-6.8,1-4 dKH,South America (Venezuela/Colombia),Safe,Mikrogeophagus ramirezi,https://bubba751.github.io/Freshwater-Fish-HTML-Files-V3/Ram Balloon Blue.html,RA02
Ram Balloon Electric Blue,Semi-aggressive,"2""",10 Gallon,Short coin body; ultra-vibrant metallic solid electric blue,Omnivore. Sera San Color Flakes,Electric Blue Balloon Ram variant; same mild dwarf cichlid temperament. Planted tanks ideal. Sensitive to water quality.,78-85°F,5.5-6.8,1-4 dKH,South America (Venezuela/Colombia),Safe,Mikrogeophagus ramirezi,https://bubba751.github.io/Freshwater-Fish-HTML-Files-V3/Ram Balloon Electric Blue.html,RA03
Ram Balloon Gold,Semi-aggressive,"2""",10 Gallon,Short round body; solid lemon yellow with pink belly accents,Omnivore. Sera San Color Flakes,Gold Balloon Ram; same mild dwarf cichlid temperament as other balloon rams. Planted tanks beneficial.,78-85°F,5.5-6.8,1-4 dKH,South America (Venezuela/Colombia),Safe,Mikrogeophagus ramirezi,https://bubba751.github.io/Freshwater-Fish-HTML-Files-V3/Ram Balloon Gold.html,RA04
Ram Black Knight,Semi-aggressive,"2.5""",10 Gallon,Solid high-grade matte midnight black throughout body and fins,Omnivore. Sera San Color Flakes,Black Knight Ram variant; same dwarf cichlid care. Planted tanks beneficial. Territorial during breeding.,78-85°F,5.5-6.8,1-4 dKH,South America (Venezuela/Colombia),Safe,Mikrogeophagus ramirezi,https://bubba751.github.io/Freshwater-Fish-HTML-Files-V3/Ram Black Knight.html,RA05
Ram Blue,Semi-aggressive,"2.5""",10 Gallon,Yellow-green front shifting to neon blue iridescent spots on rear,Omnivore. Sera San Color Flakes,Blue Ram (German Blue Ram variant); mild-mannered dwarf cichlid. Excellent in planted tanks. Sensitive to water quality.,78-85°F,5.5-6.8,1-4 dKH,South America (Venezuela/Colombia),Safe,Mikrogeophagus ramirezi,https://bubba751.github.io/Freshwater-Fish-HTML-Files-V3/Ram Blue.html,RA06
Ram Bolivian,Peaceful,"3""",10 Gallon,"Pastel olive-grey with yellow chest, black chest spot, and pink fin trim",Omnivore. Sera San Color Flakes,Slightly more peaceful than German Blue Ram. Great for planted community tanks. Plant-safe. Hardier than German Blue Ram.,74-82°F,6.5-7.5,3-10 dKH,South America (Bolivia/Brazil),Safe,Mikrogeophagus altispinosus,https://bubba751.github.io/Freshwater-Fish-HTML-Files-V3/Ram Bolivian.html,RA07
Ram Electric Blue,Semi-aggressive,"2.5""",10 Gallon,"Intense, solid uniform glowing metallic electric neon blue",Omnivore. Sera San Color Flakes,"Electric Blue Ram; beautiful but sensitive to water quality. Mild cichlid temperament. Excellent in planted tanks with soft, warm water.",78-85°F,5.5-6.8,1-4 dKH,South America (Venezuela/Colombia),Safe,Mikrogeophagus ramirezi,https://bubba751.github.io/Freshwater-Fish-HTML-Files-V3/Ram Electric Blue.html,RA09
Ram German Blue,Semi-aggressive,"2.5""",10 Gallon,Classic yellow-green front with glowing violet-blue rear highlights,Omnivore. Sera San Color Flakes,"Classic German Blue Ram; mild-mannered dwarf cichlid. Thrives in planted tanks with soft, acidic water. Sensitive to water quality.",78-85°F,5.5-6.8,1-4 dKH,South America (Venezuela/Colombia),Safe,Mikrogeophagus ramirezi,https://bubba751.github.io/Freshwater-Fish-HTML-Files-V3/Ram German Blue.html,RA10
Ram German Gold,Semi-aggressive,"2.5""",10 Gallon,Solid golden-yellow flanks with iridescent pink/blue fin sheen,Omnivore. Sera San Color Flakes,Gold variant of German Blue Ram; same mild care and temperament. Planted tanks ideal. Sensitive to water quality.,78-85°F,5.5-6.8,1-4 dKH,South America (Venezuela/Colombia),Safe,Mikrogeophagus ramirezi,https://bubba751.github.io/Freshwater-Fish-HTML-Files-V3/Ram German Gold.html,RA11
Ram Gold,Semi-aggressive,"2.5""",10 Gallon,Bright canary yellow with clean pastel highlights,Omnivore. Sera San Color Flakes,Gold Ram; same mild dwarf cichlid temperament. Plant-safe and excellent in planted community tanks.,78-85°F,5.5-6.8,1-4 dKH,South America (Venezuela/Colombia),Safe,Mikrogeophagus ramirezi,https://bubba751.github.io/Freshwater-Fish-HTML-Files-V3/Ram Gold.html,RA12
Rasbora Harlequin,Peaceful,"2""",10 Gallon,Copper-pink body with a sharp black lambchop triangle on the tail,Omnivore. Sera San Color Flakes,Classic peaceful schooling fish. Perfect for planted community tanks. Plant-safe. Keep in groups of 6 or more.,76-84°F,6.8-7.6,3-8 dKH,Southeast Asia,Safe,Trigonostigma heteromorpha,https://bubba751.github.io/Freshwater-Fish-HTML-Files-V3/Rasbora Harlequin.html,RS01
Rasbora Heteromorpha,Peaceful,"2""",10 Gallon,Classic copper pink body with characteristic dark tail triangle,Omnivore. Sera San Color Flakes,Same species as Harlequin Rasbora; peaceful and plant-safe. Keep in groups of 6 or more.,76-84°F,6.8-7.6,3-8 dKH,Southeast Asia,Safe,Trigonostigma heteromorpha,https://bubba751.github.io/Freshwater-Fish-HTML-Files-V3/Rasbora Heteromorpha.html,RS03
Rasbora Pork Chop,Peaceful,"1.5""",10 Gallon,"Smaller coppery body with a narrower, sleeker black pork-chop marking",Omnivore. Sera San Color Flakes,Lambchop Rasbora; peaceful and plant-safe. Great for planted nano tanks. Keep in groups of 6 or more.,76-84°F,6.8-7.6,3-8 dKH,Southeast Asia,Safe,Trigonostigma espei,https://bubba751.github.io/Freshwater-Fish-HTML-Files-V3/Rasbora Pork Chop.html,RS04
Rasbora Strawberry,Peaceful,"1.5""",10 Gallon,Brilliant pinkish-red hue and signature dark body spots,Omnivore. Sera San Color Flakes,Peaceful and plant-safe.  Keep in groups of 6 or more.,76-84°F,6.8-7.6,3-8 dKH,Southeast Asia,Safe,Boraras naevus,https://bubba751.github.io/Freshwater-Fish-HTML-Files-V3/Rasbora Strawberry.html,493514Y
Royal Farlowella,Peaceful,"6-7""",29 Gallon,"Brown/tan, elongated twig-like body","Omnivore. Frozen Bloodworms, Frozen Brine, Sera Flakes, Hikari Vita Bites","Peaceful algae grazer; needs driftwood; sensitive to poor water quality; shy, needs cover",75-82°F,6.5-7.5,2-12 dKH,"Amazon/Orinoco basins, South America",Safe,Sturisoma aureum,https://bubba751.github.io/Freshwater-Fish-HTML-Files-V3/Royal Farlowella.html,7311051
Shark Bala,Peaceful,"14""",29 Gallon,Torpedo silver body; distinct black borders on yellow fins,"Omnivore. Sera San Color Flakes, VibraBites, Hikari Frozen Food","Bala shark — peaceful, large schooling fish growing to 12 inches or more. Needs a spacious tank of 75 or more gallons in a group. Plant-safe.",77-84°F,6.5-7.8,4-12 dKH,Southeast Asia,Safe,Balantiocheilos melanopterus,https://bubba751.github.io/Freshwater-Fish-HTML-Files-V3/Shark Bala.html,SK01
Shark Glo,Semi-aggressive,"6""",29 Gallon,"Fluorescent bright cosmic orange, purple, or green shark variant","Omnivore. Sera San Color Flakes, VibraBites, Hikari Frozen Food",GloFish shark; can be territorial like Rainbow Shark. Semi-aggressive toward own kind; keep only one. Plant-safe.,77-84°F,6.5-7.8,3-10 dKH,"Genetically modified in Singapore; base species (Rainbow Shark) is native to Southeast Asia (Thailand, Indonesia)",Safe,Epalzeorhynchos frenatum,https://bubba751.github.io/Freshwater-Fish-HTML-Files-V3/Shark Glo.html,SK03
Shark Rainbow,Semi-aggressive,"6""",29 Gallon,Dark charcoal-grey slender body with bright solid red fins,"Omnivore. Sera San Color Flakes, VibraBites, Hikari Frozen Food",Territorial toward own kind and similar fish; keep only one per tank. May chase other bottom dwellers. Plant-safe.,77-84°F,6.5-7.8,6-15 dKH,Australia / New Guinea,Safe,Melanotaenia sp.,https://bubba751.github.io/Freshwater-Fish-HTML-Files-V3/Shark Rainbow.html,SK04
Shark Rainbow Albino,Semi-aggressive,"6""",29 Gallon,Pinkish-white body with bright red fins and red eyes,"Omnivore. Sera San Color Flakes, VibraBites, Hikari Frozen Food",Albino Rainbow Shark; same territorial temperament. Keep only one per tank. May chase other bottom dwellers. Plant-safe.,77-84°F,6.5-7.8,6-15 dKH,Australia / New Guinea,Safe,Melanotaenia sp.,https://bubba751.github.io/Freshwater-Fish-HTML-Files-V3/Shark Rainbow Albino.html,SK05
Shark Red Tail,Semi-aggressive,"6""",29 Gallon,Deep velvet jet-black body with a contrasting solid crimson red tail,"Omnivore. Sera San Color Flakes, VibraBites, Hikari Frozen Food","Semi-aggressive, territorial; keep one per tank. May chase other bottom dwellers. Plant-safe.",77-84°F,6.5-7.8,4-10 dKH,Thailand,Safe,Epalzeorhynchos bicolor,https://bubba751.github.io/Freshwater-Fish-HTML-Files-V3/Shark Red Tail.html,SK07
Shark Roseline,Peaceful,"6""",29 Gallon,Torpedo silver body with a bright red face line and yellow tail markings,"Omnivore. Sera San Color Flakes, VibraBites, Hikari Frozen Food","Roseline Shark (Denison Barb); peaceful, active schooling fish. Plant-safe; excellent in larger planted tanks. Keep in groups of 6 or more.",77-84°F,6.5-7.8,4-12 dKH,India (Western Ghats),Safe,Sahyadria denisonii,https://bubba751.github.io/Freshwater-Fish-HTML-Files-V3/Shark Roseline.html,SK09
Siamese Algae Eater,Peaceful,"6""",10 Gallon,"Silver body with a clean, jagged black horizontal stripe to tail tip","Hikari Algae Wafers, Sera Pleco Chips","Excellent, peaceful algae eater. Very plant-safe — one of the best algae controllers for planted tanks.",76-82°F,7.0-7.6,4-12 dKH,Southeast Asia,Safe,Crossocheilus oblongus,https://bubba751.github.io/Freshwater-Fish-HTML-Files-V3/Siamese Algae Eater.html,MS19
Silver Dollar,Peaceful,"6""",30 Gallon,Silver body with a bright metallic sheen,"Herbivore. Sera San Color Flakes, Sera Vipachips, Hikari Frozen Brine, Hikari Frozen Bloodworms","Silver Dollars are large, fast-swimming schooling tetras that need a spacious tank with strong filtration and open swimming room. They're skittish alone or in small numbers — always keep in groups of 5+ to reduce stress and stress-related jumping/darting. They're near-100% herbivorous and will demolish live plants, so use plastic/silk decor or plant-safe alternatives like Anubias and Java Fern only as an occasional test (results vary).",75–82°F,6.0–7.5,4–12 dKH,South America (Amazon and Orinoco basins),Not Safe,Metynnis argenteus,https://bubba751.github.io/Freshwater-Fish-HTML-Files-V3/Silver Dollar.html,HT1650
Swordtail (Female),Peaceful,"4-5""",29 Gallon,"Varies widely (red, green, black, koi patterns)",Omnivore. Sera San Color Flakes,Livebearer; hardy and easy for beginners; keep more females than males,72-82°F,7.0-8.3,10-25 dKH,"Mexico, Guatemala (Central America)",Safe,Xiphophorus hellerii,https://bubba751.github.io/Freshwater-Fish-HTML-Files-V3/Swordtail (Female).html,LB15
Swordtail (Male),Peaceful; males may spar with each other,"4.5-5.5"" including sword",29 Gallon,"Varies widely (red, green, black, koi patterns)",Omnivore. Sera San Color Flakes,Livebearer with an elongated sword-shaped tail extension; keep more females than males,72-82°F,7.0-8.3,10-25 dKH,"Mexico, Guatemala (Central America)",Safe,Xiphophorus hellerii,https://bubba751.github.io/Freshwater-Fish-HTML-Files-V3/Swordtail (Male).html,LB14
Swordtail (Pair),Peaceful; males may spar with each other,"4-5.5""",29 Gallon,"Varies widely (red, green, black, koi patterns)",Omnivore. Sera San Color Flakes,Livebearer; hardy and easy for beginners; will readily breed together,72-82°F,7.0-8.3,10-25 dKH,"Mexico, Guatemala (Central America)",Safe,Xiphophorus hellerii,https://bubba751.github.io/Freshwater-Fish-HTML-Files-V3/Swordtail (Pair).html,LB16
Tetra Black Emperor,Peaceful,"2""",10 Gallon,Deep midnight black body with a striking neon blue top-line,Omnivore. Sera San Color Flakes,Peaceful schooling tetra. Plant-safe; excellent for planted community tanks. Keep in groups of 6 or more.,76-82°F,6.6-7.4,2-8 dKH,South America (Amazon Basin),Safe,Nematobrycon palmeri,https://bubba751.github.io/Freshwater-Fish-HTML-Files-V3/Tetra Black Emperor.html,TE01
Tetra Black Line,Peaceful,"1.5""",10 Gallon,"Silver-green with a sharp, clean horizontal black line to tail",Omnivore. Sera San Color Flakes,"Peaceful, schooling blackline tetra. Plant-safe. Keep in groups of 6 or more.",76-82°F,6.6-7.4,2-8 dKH,South America (Amazon Basin),Safe,Characidae sp.,https://bubba751.github.io/Freshwater-Fish-HTML-Files-V3/Tetra Black Line.html,TE02
Tetra Black Neon,Peaceful,"1.5""",10 Gallon,Black lower flank with a glowing white-neon line running above it,Omnivore. Sera San Color Flakes,"Peaceful, popular tetra. Plant-safe; great for planted tanks. Keep in groups of 6 or more.",76-82°F,6.6-7.4,2-8 dKH,South America (Amazon Basin),Safe,Paracheirodon innesi,https://bubba751.github.io/Freshwater-Fish-HTML-Files-V3/Tetra Black Neon.html,TE03
Tetra Black Phantom,Peaceful,"1.8""",10 Gallon,Smoky translucent grey body with a bold black patch behind gills,Omnivore. Sera San Color Flakes,Peaceful schooling tetra. Plant-safe. Keep in groups of 6 or more.,76-82°F,6.6-7.4,2-8 dKH,South America (Amazon Basin),Safe,Hyphessobrycon megalopterus,https://bubba751.github.io/Freshwater-Fish-HTML-Files-V3/Tetra Black Phantom.html,TE05
Tetra Black Skirt,Semi-aggressive,"2.5""",10 Gallon,Silver front with a deep black rear half and tall black dorsal/anal fins,Omnivore. Sera San Color Flakes,Can be nippy with long-finned fish; keep in schools of 6 or more. Plant-safe.,76-82°F,6.6-7.4,2-8 dKH,South America (Amazon Basin),Safe,Gymnocorymbus ternetzi,https://bubba751.github.io/Freshwater-Fish-HTML-Files-V3/Tetra Black Skirt.html,TE07
Tetra Bleeding Heart,Peaceful,"2.8""",10 Gallon,Silver-pink body with an intense ruby-red spot directly on chest,Omnivore. Sera San Color Flakes,"Peaceful, attractive tetra. Plant-safe; excellent in South American planted tanks. Keep in groups of 6 or more.",76-82°F,6.6-7.4,2-8 dKH,South America (Amazon Basin),Safe,Hyphessobrycon erythrostigma,https://bubba751.github.io/Freshwater-Fish-HTML-Files-V3/Tetra Bleeding Heart.html,TE09
Tetra Blood Fin,Peaceful,"2""",10 Gallon,Sleek silver mirror body highlighted by bold glass-red fins,Omnivore. Sera San Color Flakes,"Peaceful, hardy schooling tetra. Plant-safe. Keep in groups of 6 or more.",76-82°F,6.6-7.4,2-8 dKH,South America (Parana River Basin),Safe,Aphyocharax anisitsi,https://bubba751.github.io/Freshwater-Fish-HTML-Files-V3/Tetra Blood Fin.html,TE11
Tetra Blue Emperor,Peaceful,"2""",10 Gallon,Deep purple-blue flanks with a solid dark center racing stripe,Omnivore. Sera San Color Flakes,Peaceful emperor tetra. Plant-safe; great for planted tanks. Keep in groups of 6 or more.,76-82°F,6.6-7.4,2-8 dKH,South America (Amazon Basin),Safe,Inpaichthys kerri,https://bubba751.github.io/Freshwater-Fish-HTML-Files-V3/Tetra Blue Emperor.html,TE13
Tetra Cardinal,Peaceful,"1.5""",10 Gallon,Complete brilliant neon blue top stripe over a complete deep red belly,Omnivore. Sera San Color Flakes,"Beautiful, peaceful schooling tetra. Plant-safe; ideal for planted Amazonian tanks. Keep in groups of 6 or more.",76-82°F,6.6-7.4,1-4 dKH,South America (Amazon Basin),Safe,Paracheirodon axelrodi,https://bubba751.github.io/Freshwater-Fish-HTML-Files-V3/Tetra Cardinal.html,TE15
Tetra Columbian,Semi-aggressive,"2.5""",10 Gallon,Deep blue-silver body contrasted by bright cherry-red fin structures,Omnivore. Sera San Color Flakes,Can be nippy; keep in schools of 6 or more to moderate behavior. Larger than most tetras. Plant-safe.,76-82°F,6.6-7.4,2-8 dKH,Colombia,Safe,Hyphessobrycon columbianus,https://bubba751.github.io/Freshwater-Fish-HTML-Files-V3/Tetra Columbian.html,TE17
Tetra Congo,Peaceful,"3""",10 Gallon,Iridescent rainbow scales switching from yellow-gold to turquoise,Omnivore. Sera San Color Flakes,"Peaceful, large tetra from the Congo River. Plant-safe. Keep in groups of 6 or more.",76-82°F,6.6-7.4,3-8 dKH,Africa (Congo River Basin),Safe,Phenacogrammus interruptus,https://bubba751.github.io/Freshwater-Fish-HTML-Files-V3/Tetra Congo.html,TE53
Tetra Congo Male,Peaceful,"3.5""",10 Gallon,Oversized rainbow scales (gold/blue); long feathery trailing fins,Omnivore. Sera San Color Flakes,"Larger, peaceful Congo Tetra. Plant-safe; impressive in planted tanks. Keep in groups of 6 or more.",76-82°F,6.6-7.4,3-8 dKH,Africa (Congo River Basin),Safe,Phenacogrammus interruptus,https://bubba751.github.io/Freshwater-Fish-HTML-Files-V3/Tetra Congo Male.html,TE18
Tetra Ember,Peaceful,"0.8""",10 Gallon,Completely uniform bright translucent fiery amber-orange overall,Omnivore. Sera San Color Flakes,"Tiny, peaceful nano tetra. Excellent for planted nano tanks. Plant-safe. Keep in groups of 6 or more.",76-82°F,6.6-7.4,2-8 dKH,South America (Amazon Basin),Safe,Hyphessobrycon amandae,https://bubba751.github.io/Freshwater-Fish-HTML-Files-V3/Tetra Ember.html,TE20
Tetra Glo,Peaceful,"2.5""",10 Gallon,"Fluorescent neon green, pink, orange, or purple skirt-tetra morphs",Omnivore. Sera San Color Flakes,GloFish tetra (Black Skirt variant); may be slightly nippy — keep in schools of 6 or more. Plant-safe.,76-82°F,6.6-7.4,2-8 dKH,South America (Amazon Basin),Safe,Gymnocorymbus ternetzi,https://bubba751.github.io/Freshwater-Fish-HTML-Files-V3/Tetra Glo.html,TE21
Tetra Glo Pristella,Peaceful,"1.8""",10 Gallon,Fluorescent electric orange-yellow translucent body morph,Omnivore. Sera San Color Flakes,GloFish Pristella tetra; peaceful. Plant-safe. Keep in schools of 6 or more.,76-82°F,6.6-7.4,2-8 dKH,South America (Amazon Basin),Safe,Gymnocorymbus ternetzi,https://bubba751.github.io/Freshwater-Fish-HTML-Files-V3/Tetra Glo Pristella.html,TE22
Tetra Glow Lite,Peaceful,"1.5""",10 Gallon,Clear body with a brilliant glowing neon copper-orange horizontal line,Omnivore. Sera San Color Flakes,Peaceful glowlight tetra. Plant-safe; good for planted tanks. Keep in groups of 6 or more.,76-82°F,6.6-7.4,2-8 dKH,South America (Amazon Basin),Safe,Gymnocorymbus ternetzi,https://bubba751.github.io/Freshwater-Fish-HTML-Files-V3/Tetra Glow Lite.html,TE23
Tetra Green Neon,Peaceful,"1""",10 Gallon,Dominant glowing neon turquoise-green line; minimal red on belly,Omnivore. Sera San Color Flakes,Peaceful nano tetra; similar to Neon but smaller. Plant-safe; great for planted nano tanks. Keep in groups of 6 or more.,76-82°F,6.6-7.4,2-8 dKH,South America (Amazon Basin),Safe,Paracheirodon simulans,https://bubba751.github.io/Freshwater-Fish-HTML-Files-V3/Tetra Green Neon.html,TE30
Tetra Head & Tail,Peaceful,"2""",10 Gallon,Silver body with two gold/brass reflective eye-spots at head and tail,Omnivore. Sera San Color Flakes,Head and Tail Light tetra; peaceful schooling fish. Plant-safe. Keep in groups of 6 or more.,76-82°F,6.6-7.4,3-10 dKH,"South America — Amazon and Orinoco River basins, including Brazil, Peru, Guyana, Suriname, and French Guiana",Safe,Hemigrammus ocellifer (also recently reclassified as Holopristis ocellifera,https://bubba751.github.io/Freshwater-Fish-HTML-Files-V3/Tetra Head & Tail.html,TE27
Tetra Lemon,Peaceful,"2""",10 Gallon,Translucent lemon-yellow body accented by bright red upper eyes,Omnivore. Sera San Color Flakes,"Peaceful, hardy tetra. Plant-safe; good for planted tanks. Keep in groups of 6 or more.",76-82°F,6.6-7.4,2-8 dKH,South America (Amazon Basin),Safe,Hyphessobrycon pulchripinnis,https://bubba751.github.io/Freshwater-Fish-HTML-Files-V3/Tetra Lemon.html,TE28
Tetra Neon,Peaceful,"1.5""",10 Gallon,Brilliant neon blue top stripe that stops midway; bright red half-belly,Omnivore. Sera San Color Flakes,Classic peaceful schooling tetra. Plant-safe; iconic in planted Amazonian tanks. Keep in groups of 6 or more.,76-82°F,6.6-7.4,2-8 dKH,South America (Amazon Basin),Safe,Paracheirodon innesi,https://bubba751.github.io/Freshwater-Fish-HTML-Files-V3/Tetra Neon.html,TE51
Tetra Neon Green,Peaceful,"1.2""",10 Gallon,Dominant glowing neon turquoise-green line; minimal red on belly,Omnivore. Sera San Color Flakes,GloFish Neon Green tetra; peaceful. Plant-safe. Keep in schools of 6 or more.,76-82°F,6.6-7.4,2-8 dKH,South America (Amazon Basin),Safe,Paracheirodon simulans,https://bubba751.github.io/Freshwater-Fish-HTML-Files-V3/Tetra Neon Green.html,TE32
Tetra Penguin,Peaceful,"1.5""",10 Gallon,Silver body with a bold black lower stripe that hooks down into the lower tail fin,Omnivore. Sera San Color Flakes,Peaceful penguin tetra. Plant-safe; good community fish. Keep in groups of 6 or more.,76-82°F,6.6-7.4,2-8 dKH,South America (Amazon Basin),Safe,Thayeria boehlkei,https://bubba751.github.io/Freshwater-Fish-HTML-Files-V3/Tetra Penguin.html,TE33
Tetra Pristella,Peaceful,"1.8""",10 Gallon,"Translucent silver body; striking yellow, black, and white flag spots on fins",Omnivore. Sera San Color Flakes,"Hardy, peaceful tetra. Plant-safe; excellent beginner community fish. Keep in groups of 6 or more.",76-82°F,6.6-7.4,2-8 dKH,South America (Amazon Basin),Safe,Pristella maxillaris,https://bubba751.github.io/Freshwater-Fish-HTML-Files-V3/Tetra Pristella.html,TE35
Tetra Pristella Glo,Peaceful,"1.8""",10 Gallon,Fluorescent electric orange-yellow translucent body morph,Omnivore. Sera San Color Flakes,GloFish Pristella; same peaceful temperament. Plant-safe. Keep in schools of 6 or more.,76-82°F,6.6-7.4,2-8 dKH,South America (Amazon Basin),Safe,Gymnocorymbus ternetzi,https://bubba751.github.io/Freshwater-Fish-HTML-Files-V3/Tetra Pristella Glo.html,TE37
Tetra Red & Blue,Peaceful,"2""",10 Gallon,Intense neon blue top line offset by full red lower body,Omnivore. Sera San Color Flakes,Peaceful tetra. Plant-safe. Keep in groups of 6 or more.,76-82°F,6.6-7.4,2-8 dKH,South America (Amazon Basin),Safe,Characidae sp.,https://bubba751.github.io/Freshwater-Fish-HTML-Files-V3/Tetra Red & Blue.html,TE38
Tetra Red Eye,Semi-aggressive,"2.8""",10 Gallon,Polished bright silver scales with a brilliant neon red top eye cap,Omnivore. Sera San Color Flakes,Can be fin-nippers; keep in schools of 6 or more. Plant-safe.,76-82°F,6.6-7.4,2-8 dKH,South America (Amazon Basin),Safe,Characidae sp.,https://bubba751.github.io/Freshwater-Fish-HTML-Files-V3/Tetra Red Eye.html,TE40
Tetra Red Phantom,Peaceful,"1.5""",10 Gallon,Translucent rich ruby-red body with a distinct black shoulder smudge,Omnivore. Sera San Color Flakes,Peaceful red phantom tetra. Plant-safe; great for planted South American tanks. Keep in groups of 6 or more.,76-82°F,6.6-7.4,2-8 dKH,South America (Amazon Basin),Safe,Characidae sp.,https://bubba751.github.io/Freshwater-Fish-HTML-Files-V3/Tetra Red Phantom.html,TE42
Tetra Ruby,Peaceful,"1.5""",10 Gallon,Translucent rich ruby-red body with a distinct black shoulder smudge,Omnivore. Sera San Color Flakes,PeacefulRuby Tetra. Plant-safe; great for planted South American tanks. Keep in groups of 6 or more.,76-82°F,6.6-7.4,2-8 dKH,South America (Amazon Basin),Safe,Characidae sp.,https://bubba751.github.io/Freshwater-Fish-HTML-Files-V3/Tetra Ruby.html,9187663
Tetra Rummy Nose,Peaceful,"2""",10 Gallon,Bright cherry-red face with a high-contrast black and white striped tail,Omnivore. Sera San Color Flakes,"Peaceful, popular schooling tetra. Plant-safe; excellent for planted Amazonian tanks. Keep in groups of 6 or more.",76-82°F,6.6-7.4,2-8 dKH,South America (Amazon Basin),Safe,Hemigrammus rhodostomus,https://bubba751.github.io/Freshwater-Fish-HTML-Files-V3/Tetra Rummy Nose.html,TE44
Tetra Serpae,Semi-aggressive,"1.8""",10 Gallon,Jewel-like reddish-brown body with black shoulder spot and black-trimmed fins,Omnivore. Sera San Color Flakes,Known fin-nipper; keep in schools of 8 or more to moderate behavior. Plant-safe.,76-82°F,6.6-7.4,2-8 dKH,South America (Amazon Basin),Safe,Hyphessobrycon eques,https://bubba751.github.io/Freshwater-Fish-HTML-Files-V3/Tetra Serpae.html,TE46
Tetra White Fin,Peaceful,"2""",10 Gallon,Rosy-pink body; dorsal and anal fins tipped with stark milk-white accents,Omnivore. Sera San Color Flakes,Peaceful tetra. Plant-safe. Keep in groups of 6 or more.,76-82°F,6.6-7.4,2-8 dKH,South America (Amazon Basin),Safe,Characidae sp.,https://bubba751.github.io/Freshwater-Fish-HTML-Files-V3/Tetra White Fin.html,TE48